Timestamp,Temperature (C),Relative humidity (%),Pressure (Pa)
2017-03-07 20:34:10, 22.8, 26.9, 0.0
2017-03-07 20:39:10, 17.0, 33.1, 0.0
2017-03-07 20:44:10, 13.9, 38.1, 0.0
2017-03-07 20:49:10, 12.2, 41.3, 0.0
2017-03-07 20:54:10, 11.1, 43.5, 0.0
2017-03-07 20:59:10, 10.3, 45.2, 0.0
2017-03-07 21:04:10, 9.8, 46.5, 0.0
2017-03-07 21:09:10, 9.4, 48.4, 0.0
2017-03-07 21:14:10, 9.1, 48.2, 0.0
2017-03-07 21:19:10, 8.9, 49.3, 0.0
2017-03-07 21:24:10, 8.8, 49.3, 0.0
2017-03-07 21:29:10, 8.7, 50.0, 0.0
2017-03-07 21:34:10, 8.7, 51.5, 0.0
2017-03-07 21:39:10, 8.6, 52.6, 0.0
2017-03-07 21:44:10, 8.6, 51.8, 0.0
2017-03-07 21:49:10, 8.5, 51.8, 0.0
2017-03-07 21:54:10, 8.5, 53.1, 0.0
2017-03-07 21:59:10, 8.6, 54.1, 0.0
2017-03-07 22:04:10, 8.6, 53.2, 0.0
2017-03-07 22:09:10, 8.6, 53.7, 0.0
2017-03-07 22:14:10, 8.6, 54.9, 0.0
2017-03-07 22:19:10, 8.6, 53.9, 0.0
2017-03-07 22:24:10, 8.6, 54.1, 0.0
2017-03-07 22:29:10, 8.7, 54.1, 0.0
2017-03-07 22:34:10, 8.7, 54.2, 0.0
2017-03-07 22:39:10, 8.7, 54.6, 0.0
2017-03-07 22:44:10, 8.7, 54.3, 0.0
2017-03-07 22:49:10, 8.7, 54.0, 0.0
2017-03-07 22:54:10, 8.7, 53.5, 0.0
2017-03-07 22:59:10, 8.6, 53.9, 0.0
2017-03-07 23:04:10, 8.6, 53.9, 0.0
2017-03-07 23:09:10, 8.6, 53.3, 0.0
2017-03-07 23:14:10, 8.6, 53.5, 0.0
2017-03-07 23:19:10, 8.6, 53.6, 0.0
2017-03-07 23:24:10, 8.6, 54.1, 0.0
2017-03-07 23:29:10, 8.6, 53.8, 0.0
2017-03-07 23:34:10, 8.6, 54.4, 0.0
2017-03-07 23:39:10, 8.6, 54.1, 0.0
2017-03-07 23:44:10, 8.6, 54.3, 0.0
2017-03-07 23:49:11, 8.6, 54.2, 0.0
2017-03-07 23:54:11, 8.6, 54.0, 0.0
2017-03-07 23:59:12, 8.6, 54.2, 0.0
2017-03-08 00:04:12, 8.6, 54.9, 0.0
2017-03-08 00:09:12, 8.6, 54.5, 0.0
2017-03-08 00:14:12, 8.6, 54.3, 0.0
2017-03-08 00:19:12, 8.6, 54.0, 0.0
2017-03-08 00:24:12, 8.6, 54.2, 0.0
2017-03-08 00:29:12, 8.6, 54.4, 0.0
2017-03-08 00:34:12, 8.6, 54.4, 0.0
2017-03-08 00:39:12, 8.6, 54.1, 0.0
2017-03-08 00:44:12, 8.6, 54.5, 0.0
2017-03-08 00:49:12, 8.5, 54.6, 0.0
2017-03-08 00:54:12, 8.5, 54.6, 0.0
2017-03-08 00:59:12, 8.5, 54.4, 0.0
2017-03-08 01:04:12, 8.6, 54.2, 0.0
2017-03-08 01:09:12, 8.6, 54.4, 0.0
2017-03-08 01:14:12, 8.6, 54.6, 0.0
2017-03-08 01:19:12, 8.6, 55.4, 0.0
2017-03-08 01:24:12, 8.6, 55.7, 0.0
2017-03-08 01:29:12, 8.6, 55.4, 0.0
2017-03-08 01:34:12, 8.6, 54.8, 0.0
2017-03-08 01:39:12, 8.6, 55.1, 0.0
2017-03-08 01:44:12, 8.6, 55.4, 0.0
2017-03-08 01:49:12, 8.6, 54.4, 0.0
2017-03-08 01:54:12, 8.6, 54.7, 0.0
2017-03-08 01:59:12, 8.6, 54.7, 0.0
2017-03-08 02:04:12, 8.6, 55.1, 0.0
2017-03-08 02:09:12, 8.6, 54.9, 0.0
2017-03-08 02:14:12, 8.6, 55.2, 0.0
2017-03-08 02:19:12, 8.7, 54.9, 0.0
2017-03-08 02:24:12, 8.7, 55.2, 0.0
2017-03-08 02:29:12, 8.7, 55.1, 0.0
2017-03-08 02:34:12, 8.7, 54.9, 0.0
2017-03-08 02:39:12, 8.7, 55.2, 0.0
2017-03-08 02:44:12, 8.7, 55.2, 0.0
2017-03-08 02:49:12, 8.7, 55.3, 0.0
2017-03-08 02:54:12, 8.7, 55.4, 0.0
2017-03-08 02:59:12, 8.8, 55.5, 0.0
2017-03-08 03:04:12, 8.8, 55.4, 0.0
2017-03-08 03:09:12, 8.8, 55.7, 0.0
2017-03-08 03:14:12, 8.8, 56.0, 0.0
2017-03-08 03:19:12, 8.9, 56.2, 0.0
2017-03-08 03:24:12, 8.9, 55.9, 0.0
2017-03-08 03:29:12, 8.9, 56.0, 0.0
2017-03-08 03:34:12, 8.9, 55.6, 0.0
2017-03-08 03:39:12, 9.0, 57.1, 0.0
2017-03-08 03:44:12, 9.0, 56.7, 0.0
2017-03-08 03:49:12, 9.0, 56.5, 0.0
2017-03-08 03:54:12, 9.0, 56.6, 0.0
2017-03-08 03:59:12, 9.1, 56.7, 0.0
2017-03-08 04:04:12, 9.1, 56.8, 0.0
2017-03-08 04:09:12, 9.1, 57.4, 0.0
2017-03-08 04:14:12, 9.1, 56.2, 0.0
2017-03-08 04:19:12, 9.1, 55.8, 0.0
2017-03-08 04:24:12, 9.1, 56.7, 0.0
2017-03-08 04:29:12, 9.1, 56.2, 0.0
2017-03-08 04:34:12, 9.1, 56.0, 0.0
2017-03-08 04:39:12, 9.2, 56.3, 0.0
2017-03-08 04:44:12, 9.2, 57.2, 0.0
2017-03-08 04:49:12, 9.2, 57.3, 0.0
2017-03-08 04:54:12, 9.2, 56.9, 0.0
2017-03-08 04:59:12, 9.2, 57.7, 0.0
2017-03-08 05:04:12, 9.2, 57.9, 0.0
2017-03-08 05:09:12, 9.2, 58.6, 0.0
2017-03-08 05:14:12, 9.3, 58.2, 0.0
2017-03-08 05:19:12, 9.3, 58.5, 0.0
2017-03-08 05:24:12, 9.3, 59.1, 0.0
2017-03-08 05:29:12, 9.3, 58.8, 0.0
2017-03-08 05:34:12, 9.4, 58.2, 0.0
2017-03-08 05:39:12, 9.4, 57.9, 0.0
2017-03-08 05:44:12, 9.4, 58.5, 0.0
2017-03-08 05:49:12, 9.4, 57.9, 0.0
2017-03-08 05:54:12, 9.5, 58.4, 0.0
2017-03-08 05:59:12, 9.5, 57.6, 0.0
2017-03-08 06:04:12, 9.5, 57.9, 0.0
2017-03-08 06:09:12, 9.6, 58.5, 0.0
2017-03-08 06:14:12, 9.6, 58.5, 0.0
2017-03-08 06:19:12, 9.7, 58.6, 0.0
2017-03-08 06:24:12, 9.7, 59.1, 0.0
2017-03-08 06:29:12, 9.8, 59.0, 0.0
2017-03-08 06:34:12, 9.8, 59.2, 0.0
2017-03-08 06:39:12, 9.8, 58.9, 0.0
2017-03-08 06:44:12, 9.9, 59.0, 0.0
2017-03-08 06:49:12, 10.0, 59.6, 0.0
2017-03-08 06:54:12, 10.0, 59.1, 0.0
2017-03-08 06:59:12, 10.1, 58.8, 0.0
2017-03-08 07:04:12, 10.1, 59.0, 0.0
2017-03-08 07:09:12, 10.2, 59.1, 0.0
2017-03-08 07:14:12, 10.2, 58.8, 0.0
2017-03-08 07:19:12, 10.3, 58.8, 0.0
2017-03-08 07:24:12, 10.3, 58.6, 0.0
2017-03-08 07:29:12, 10.4, 59.1, 0.0
2017-03-08 07:34:12, 10.4, 59.4, 0.0
2017-03-08 07:39:12, 10.5, 58.9, 0.0
2017-03-08 07:44:12, 10.5, 58.9, 0.0
2017-03-08 07:49:12, 10.6, 58.9, 0.0
2017-03-08 07:54:12, 10.7, 60.0, 0.0
2017-03-08 07:59:12, 10.7, 59.9, 0.0
2017-03-08 08:04:12, 10.8, 61.0, 0.0
2017-03-08 08:09:12, 10.8, 60.8, 0.0
2017-03-08 08:14:12, 10.9, 60.8, 0.0
2017-03-08 08:19:12, 11.0, 61.7, 0.0
2017-03-08 08:24:12, 11.0, 61.4, 0.0
2017-03-08 08:29:12, 11.1, 62.2, 0.0
2017-03-08 08:34:12, 11.2, 62.8, 0.0
2017-03-08 08:39:12, 11.2, 62.9, 0.0
2017-03-08 08:44:12, 11.3, 63.5, 0.0
2017-03-08 08:49:12, 11.4, 63.2, 0.0
2017-03-08 08:54:12, 11.4, 63.4, 0.0
2017-03-08 08:59:12, 11.5, 64.0, 0.0
2017-03-08 09:04:12, 11.5, 64.8, 0.0
2017-03-08 09:09:12, 11.6, 66.0, 0.0
2017-03-08 09:14:12, 11.6, 67.6, 0.0
2017-03-08 09:19:12, 11.8, 67.5, 0.0
2017-03-08 09:24:12, 11.9, 66.3, 0.0
2017-03-08 09:29:12, 11.8, 65.0, 0.0
2017-03-08 09:34:12, 11.8, 64.4, 0.0
2017-03-08 09:39:12, 11.7, 63.8, 0.0
2017-03-08 09:44:12, 11.8, 63.0, 0.0
2017-03-08 09:49:12, 11.9, 62.2, 0.0
2017-03-08 09:54:12, 11.8, 61.8, 0.0
2017-03-08 09:59:12, 11.8, 61.8, 0.0
2017-03-08 10:04:12, 11.7, 61.8, 0.0
2017-03-08 10:09:12, 11.7, 61.7, 0.0
2017-03-08 10:14:12, 11.8, 61.3, 0.0
2017-03-08 10:19:12, 12.1, 60.3, 0.0
2017-03-08 10:24:12, 12.2, 59.8, 0.0
2017-03-08 10:29:12, 12.3, 59.5, 0.0
2017-03-08 10:34:12, 12.5, 59.1, 0.0
2017-03-08 10:39:13, 12.6, 58.8, 0.0
2017-03-08 10:44:13, 12.7, 58.8, 0.0
2017-03-08 10:49:14, 12.8, 58.3, 0.0
2017-03-08 10:54:14, 12.9, 58.0, 0.0
2017-03-08 10:59:14, 12.9, 58.1, 0.0
2017-03-08 11:04:14, 12.9, 58.2, 0.0
2017-03-08 11:09:14, 13.0, 58.1, 0.0
2017-03-08 11:14:14, 13.4, 57.1, 0.0
2017-03-08 11:19:14, 13.7, 56.4, 0.0
2017-03-08 11:24:14, 13.9, 55.9, 0.0
2017-03-08 11:29:14, 14.2, 55.5, 0.0
2017-03-08 11:34:14, 14.2, 55.6, 0.0
2017-03-08 11:39:14, 14.1, 55.8, 0.0
2017-03-08 11:44:14, 14.3, 55.6, 0.0
2017-03-08 11:49:14, 14.3, 55.5, 0.0
2017-03-08 11:54:14, 14.3, 55.6, 0.0
2017-03-08 11:59:14, 14.4, 55.4, 0.0
2017-03-08 12:04:14, 14.5, 55.0, 0.0
2017-03-08 12:09:14, 15.0, 53.7, 0.0
2017-03-08 12:14:14, 15.2, 53.2, 0.0
2017-03-08 12:19:14, 15.4, 52.6, 0.0
2017-03-08 12:24:14, 15.8, 52.2, 0.0
2017-03-08 12:29:14, 15.7, 52.2, 0.0
2017-03-08 12:34:14, 15.8, 52.2, 0.0
2017-03-08 12:39:14, 15.6, 52.4, 0.0
2017-03-08 12:44:14, 15.4, 52.8, 0.0
2017-03-08 12:49:14, 15.5, 52.4, 0.0
2017-03-08 12:54:14, 15.3, 52.9, 0.0
2017-03-08 12:59:14, 15.3, 53.2, 0.0
2017-03-08 13:04:14, 15.6, 52.7, 0.0
2017-03-08 13:09:14, 15.8, 52.6, 0.0
2017-03-08 13:14:14, 16.2, 52.8, 0.0
2017-03-08 13:19:14, 16.8, 52.6, 0.0
2017-03-08 13:24:14, 17.2, 52.0, 0.0
2017-03-08 13:29:14, 17.3, 51.8, 0.0
2017-03-08 13:34:14, 18.1, 49.9, 0.0
2017-03-08 13:39:14, 18.9, 49.2, 0.0
2017-03-08 13:44:14, 19.5, 48.0, 0.0
2017-03-08 13:49:14, 20.2, 47.2, 0.0
2017-03-08 13:54:14, 20.8, 45.4, 0.0
2017-03-08 13:59:14, 21.3, 44.7, 0.0
2017-03-08 14:04:14, 22.2, 43.3, 0.0
2017-03-08 14:09:14, 22.9, 41.8, 0.0
2017-03-08 14:14:14, 22.9, 42.0, 0.0
2017-03-08 14:19:14, 24.3, 40.4, 0.0
2017-03-08 14:24:14, 25.4, 38.3, 0.0
2017-03-08 14:29:14, 24.4, 38.7, 0.0
2017-03-08 14:34:14, 24.5, 38.9, 0.0
2017-03-08 14:39:14, 24.9, 37.3, 0.0
2017-03-08 14:44:14, 25.0, 37.0, 0.0
2017-03-08 14:49:14, 24.7, 37.7, 0.0
2017-03-08 14:54:14, 25.4, 35.0, 0.0
2017-03-08 14:59:14, 24.0, 37.1, 0.0
2017-03-08 15:04:14, 25.2, 35.6, 0.0
2017-03-08 15:09:14, 26.4, 33.9, 0.0
2017-03-08 15:14:14, 26.5, 33.5, 0.0
2017-03-08 15:19:14, 26.0, 34.1, 0.0
2017-03-08 15:24:14, 25.2, 34.6, 0.0
2017-03-08 15:29:14, 24.4, 35.8, 0.0
2017-03-08 15:34:14, 25.7, 34.1, 0.0
2017-03-08 15:39:14, 28.8, 28.7, 0.0
2017-03-08 15:44:14, 29.8, 28.2, 0.0
2017-03-08 15:49:14, 31.1, 25.9, 0.0
2017-03-08 15:54:14, 32.3, 24.6, 0.0
2017-03-08 15:59:14, 32.4, 24.6, 0.0
2017-03-08 16:04:14, 32.0, 24.6, 0.0
2017-03-08 16:09:14, 33.0, 23.3, 0.0
2017-03-08 16:14:14, 33.2, 23.1, 0.0
2017-03-08 16:19:14, 31.9, 24.5, 0.0
2017-03-08 16:24:14, 29.9, 25.7, 0.0
2017-03-08 16:29:14, 28.9, 27.4, 0.0
2017-03-08 16:34:14, 29.5, 26.7, 0.0
2017-03-08 16:39:14, 28.8, 26.1, 0.0
2017-03-08 16:44:14, 26.9, 28.7, 0.0
2017-03-08 16:49:14, 26.2, 29.1, 0.0
2017-03-08 16:54:14, 24.6, 30.9, 0.0
2017-03-08 16:59:14, 23.5, 32.6, 0.0
2017-03-08 17:04:14, 23.2, 32.4, 0.0
2017-03-08 17:09:14, 23.0, 33.0, 0.0
2017-03-08 17:14:14, 22.8, 32.7, 0.0
2017-03-08 17:19:14, 23.0, 32.4, 0.0
2017-03-08 17:24:14, 23.6, 31.5, 0.0
2017-03-08 17:29:14, 23.9, 30.3, 0.0
2017-03-08 17:34:14, 24.3, 30.3, 0.0
2017-03-08 17:39:14, 23.4, 30.0, 0.0
2017-03-08 17:44:14, 22.0, 31.7, 0.0
2017-03-08 17:49:14, 21.1, 32.8, 0.0
2017-03-08 17:54:14, 20.7, 32.8, 0.0
2017-03-08 17:59:14, 19.8, 33.1, 0.0
2017-03-08 18:04:14, 19.1, 33.0, 0.0
2017-03-08 18:09:14, 18.6, 34.0, 0.0
2017-03-08 18:14:14, 18.2, 35.0, 0.0
2017-03-08 18:19:14, 17.8, 35.2, 0.0
2017-03-08 18:24:14, 17.5, 35.6, 0.0
2017-03-08 18:29:14, 17.1, 35.7, 0.0
2017-03-08 18:34:14, 16.8, 35.9, 0.0
2017-03-08 18:39:14, 16.5, 35.9, 0.0
2017-03-08 18:44:14, 16.3, 36.1, 0.0
2017-03-08 18:49:14, 16.1, 36.6, 0.0
2017-03-08 18:54:14, 15.9, 36.8, 0.0
2017-03-08 18:59:14, 15.8, 37.3, 0.0
2017-03-08 19:04:14, 15.6, 37.5, 0.0
2017-03-08 19:09:14, 15.5, 37.8, 0.0
2017-03-08 19:14:14, 15.3, 38.1, 0.0
2017-03-08 19:19:14, 15.2, 38.3, 0.0
2017-03-08 19:24:14, 15.1, 38.6, 0.0
2017-03-08 19:29:14, 14.9, 38.8, 0.0
2017-03-08 19:34:14, 14.7, 39.1, 0.0
2017-03-08 19:39:14, 14.5, 39.3, 0.0
2017-03-08 19:44:14, 14.3, 39.5, 0.0
2017-03-08 19:49:14, 14.1, 39.7, 0.0
2017-03-08 19:54:14, 13.9, 39.8, 0.0
2017-03-08 19:59:14, 13.7, 40.0, 0.0
2017-03-08 20:04:14, 13.5, 40.1, 0.0
2017-03-08 20:09:14, 13.2, 40.2, 0.0
2017-03-08 20:14:14, 13.0, 40.4, 0.0
2017-03-08 20:19:14, 12.9, 40.5, 0.0
2017-03-08 20:24:14, 12.7, 40.5, 0.0
2017-03-08 20:29:14, 12.6, 40.6, 0.0
2017-03-08 20:34:14, 12.4, 40.7, 0.0
2017-03-08 20:39:14, 12.3, 40.8, 0.0
2017-03-08 20:44:14, 12.2, 40.8, 0.0
2017-03-08 20:49:14, 12.1, 40.8, 0.0
2017-03-08 20:54:15, 12.1, 40.8, 0.0
2017-03-08 20:59:15, 12.0, 40.9, 0.0
2017-03-08 21:04:16, 11.9, 40.9, 0.0
2017-03-08 21:09:16, 11.8, 40.9, 0.0
2017-03-08 21:14:16, 11.8, 40.9, 0.0
2017-03-08 21:19:16, 11.7, 41.0, 0.0
2017-03-08 21:24:16, 11.6, 41.0, 0.0
2017-03-08 21:29:16, 11.5, 41.0, 0.0
2017-03-08 21:34:16, 11.4, 41.1, 0.0
2017-03-08 21:39:16, 11.4, 41.1, 0.0
2017-03-08 21:44:16, 11.3, 41.1, 0.0
2017-03-08 21:49:16, 11.2, 41.2, 0.0
2017-03-08 21:54:16, 11.1, 41.2, 0.0
2017-03-08 21:59:16, 11.1, 41.3, 0.0
2017-03-08 22:04:16, 11.0, 41.4, 0.0
2017-03-08 22:09:16, 10.9, 41.5, 0.0
2017-03-08 22:14:16, 10.8, 41.5, 0.0
2017-03-08 22:19:16, 10.7, 41.6, 0.0
2017-03-08 22:24:16, 10.6, 41.7, 0.0
2017-03-08 22:29:16, 10.5, 41.8, 0.0
2017-03-08 22:34:16, 10.4, 41.9, 0.0
2017-03-08 22:39:16, 10.3, 42.0, 0.0
2017-03-08 22:44:16, 10.2, 42.1, 0.0
2017-03-08 22:49:16, 10.1, 42.1, 0.0
2017-03-08 22:54:16, 10.0, 42.3, 0.0
2017-03-08 22:59:16, 9.9, 42.4, 0.0
2017-03-08 23:04:16, 9.9, 42.5, 0.0
2017-03-08 23:09:16, 9.8, 42.5, 0.0
2017-03-08 23:14:16, 9.8, 42.6, 0.0
2017-03-08 23:19:16, 9.7, 42.7, 0.0
2017-03-08 23:24:16, 9.6, 42.8, 0.0
2017-03-08 23:29:16, 9.5, 42.8, 0.0
2017-03-08 23:34:16, 9.5, 43.0, 0.0
2017-03-08 23:39:16, 9.4, 43.1, 0.0
2017-03-08 23:44:16, 9.3, 43.2, 0.0
2017-03-08 23:49:16, 9.2, 43.2, 0.0
2017-03-08 23:54:16, 9.1, 43.3, 0.0
2017-03-08 23:59:16, 9.1, 43.4, 0.0
2017-03-09 00:04:16, 9.0, 43.5, 0.0
2017-03-09 00:09:16, 9.0, 43.6, 0.0
2017-03-09 00:14:16, 8.9, 43.8, 0.0
2017-03-09 00:19:16, 8.9, 43.8, 0.0
2017-03-09 00:24:16, 8.8, 43.9, 0.0
2017-03-09 00:29:16, 8.8, 43.9, 0.0
2017-03-09 00:34:16, 8.7, 44.0, 0.0
2017-03-09 00:39:16, 8.7, 44.1, 0.0
2017-03-09 00:44:16, 8.6, 44.2, 0.0
2017-03-09 00:49:16, 8.6, 44.2, 0.0
2017-03-09 00:54:16, 8.5, 44.3, 0.0
2017-03-09 00:59:16, 8.5, 44.4, 0.0
2017-03-09 01:04:16, 8.4, 44.4, 0.0
2017-03-09 01:09:16, 8.4, 44.4, 0.0
2017-03-09 01:14:16, 8.3, 44.4, 0.0
2017-03-09 01:19:16, 8.2, 44.5, 0.0
2017-03-09 01:24:16, 8.2, 44.6, 0.0
2017-03-09 01:29:16, 8.1, 44.7, 0.0
2017-03-09 01:34:16, 8.0, 44.5, 0.0
2017-03-09 01:39:16, 7.9, 44.5, 0.0
2017-03-09 01:44:16, 7.9, 44.5, 0.0
2017-03-09 01:49:16, 7.8, 44.6, 0.0
2017-03-09 01:54:16, 7.7, 44.6, 0.0
2017-03-09 01:59:16, 7.6, 44.7, 0.0
2017-03-09 02:04:16, 7.4, 44.8, 0.0
2017-03-09 02:09:16, 7.3, 44.9, 0.0
2017-03-09 02:14:16, 7.2, 45.1, 0.0
2017-03-09 02:19:16, 7.0, 45.2, 0.0
2017-03-09 02:24:16, 6.9, 45.4, 0.0
2017-03-09 02:29:16, 6.8, 45.5, 0.0
2017-03-09 02:34:16, 6.6, 45.6, 0.0
2017-03-09 02:39:16, 6.5, 45.7, 0.0
2017-03-09 02:44:16, 6.4, 45.8, 0.0
2017-03-09 02:49:16, 6.3, 45.9, 0.0
2017-03-09 02:54:16, 6.1, 46.0, 0.0
2017-03-09 02:59:16, 6.0, 46.1, 0.0
2017-03-09 03:04:16, 5.9, 46.1, 0.0
2017-03-09 03:09:16, 5.8, 46.1, 0.0
2017-03-09 03:14:16, 5.7, 46.2, 0.0
2017-03-09 03:19:16, 5.6, 46.3, 0.0
2017-03-09 03:24:16, 5.5, 46.3, 0.0
2017-03-09 03:29:16, 5.4, 46.4, 0.0
2017-03-09 03:34:16, 5.3, 46.4, 0.0
2017-03-09 03:39:16, 5.2, 46.6, 0.0
2017-03-09 03:44:16, 5.1, 46.7, 0.0
2017-03-09 03:49:16, 5.0, 46.8, 0.0
2017-03-09 03:54:16, 4.9, 46.8, 0.0
2017-03-09 03:59:16, 4.8, 47.0, 0.0
2017-03-09 04:04:16, 4.7, 47.0, 0.0
2017-03-09 04:09:16, 4.6, 47.1, 0.0
2017-03-09 04:14:16, 4.5, 47.1, 0.0
2017-03-09 04:19:16, 4.4, 47.2, 0.0
2017-03-09 04:24:16, 4.2, 47.3, 0.0
2017-03-09 04:29:16, 4.2, 47.3, 0.0
2017-03-09 04:34:16, 4.1, 47.4, 0.0
2017-03-09 04:39:16, 4.0, 47.4, 0.0
2017-03-09 04:44:16, 3.9, 47.6, 0.0
2017-03-09 04:49:16, 3.8, 47.6, 0.0
2017-03-09 04:54:16, 3.7, 47.5, 0.0
2017-03-09 04:59:16, 3.6, 47.5, 0.0
2017-03-09 05:04:16, 3.6, 47.5, 0.0
2017-03-09 05:09:16, 3.5, 47.3, 0.0
2017-03-09 05:14:16, 3.5, 47.3, 0.0
2017-03-09 05:19:16, 3.5, 47.2, 0.0
2017-03-09 05:24:16, 3.5, 47.3, 0.0
2017-03-09 05:29:16, 3.5, 47.1, 0.0
2017-03-09 05:34:16, 3.5, 47.2, 0.0
2017-03-09 05:39:16, 3.4, 47.2, 0.0
2017-03-09 05:44:16, 3.5, 47.0, 0.0
2017-03-09 05:49:16, 3.5, 47.2, 0.0
2017-03-09 05:54:16, 3.5, 47.0, 0.0
2017-03-09 05:59:16, 3.5, 46.9, 0.0
2017-03-09 06:04:16, 3.5, 46.8, 0.0
2017-03-09 06:09:16, 3.4, 46.8, 0.0
2017-03-09 06:14:16, 3.4, 46.8, 0.0
2017-03-09 06:19:16, 3.4, 46.8, 0.0
2017-03-09 06:24:16, 3.3, 46.7, 0.0
2017-03-09 06:29:16, 3.3, 46.7, 0.0
2017-03-09 06:34:16, 3.2, 46.7, 0.0
2017-03-09 06:39:16, 3.1, 46.7, 0.0
2017-03-09 06:44:16, 3.0, 46.8, 0.0
2017-03-09 06:49:16, 2.9, 46.9, 0.0
2017-03-09 06:54:16, 2.8, 47.0, 0.0
2017-03-09 06:59:16, 2.7, 47.1, 0.0
2017-03-09 07:04:16, 2.6, 47.3, 0.0
2017-03-09 07:09:16, 2.5, 47.4, 0.0
2017-03-09 07:14:16, 2.5, 47.5, 0.0
2017-03-09 07:19:16, 2.4, 47.5, 0.0
2017-03-09 07:24:16, 2.4, 47.5, 0.0
2017-03-09 07:29:16, 2.4, 47.5, 0.0
2017-03-09 07:34:16, 2.5, 47.2, 0.0
2017-03-09 07:39:17, 2.5, 47.0, 0.0
2017-03-09 07:44:17, 2.7, 47.0, 0.0
2017-03-09 07:49:18, 2.8, 46.8, 0.0
2017-03-09 07:54:18, 3.0, 46.2, 0.0
2017-03-09 07:59:19, 3.1, 45.8, 0.0
2017-03-09 08:04:19, 3.3, 45.4, 0.0
2017-03-09 08:09:19, 3.5, 45.0, 0.0
2017-03-09 08:14:19, 3.8, 44.7, 0.0
2017-03-09 08:19:19, 4.0, 44.4, 0.0
2017-03-09 08:24:19, 4.2, 44.1, 0.0
2017-03-09 08:29:19, 4.4, 43.8, 0.0
2017-03-09 08:34:19, 4.7, 43.5, 0.0
2017-03-09 08:39:19, 4.9, 43.3, 0.0
2017-03-09 08:44:19, 5.1, 43.0, 0.0
2017-03-09 08:49:19, 5.3, 42.7, 0.0
2017-03-09 08:54:19, 5.5, 42.5, 0.0
2017-03-09 08:59:19, 5.7, 42.3, 0.0
2017-03-09 09:04:19, 5.9, 42.0, 0.0
2017-03-09 09:09:19, 6.1, 41.8, 0.0
2017-03-09 09:14:19, 6.3, 41.3, 0.0
2017-03-09 09:19:19, 6.6, 40.9, 0.0
2017-03-09 09:24:19, 6.8, 40.5, 0.0
2017-03-09 09:29:19, 7.1, 40.1, 0.0
2017-03-09 09:34:19, 7.4, 39.6, 0.0
2017-03-09 09:39:19, 7.6, 39.4, 0.0
2017-03-09 09:44:19, 7.9, 39.0, 0.0
2017-03-09 09:49:19, 8.1, 38.5, 0.0
2017-03-09 09:54:19, 8.4, 38.2, 0.0
2017-03-09 09:59:19, 8.6, 38.0, 0.0
2017-03-09 10:04:19, 8.9, 37.6, 0.0
2017-03-09 10:09:19, 9.1, 37.2, 0.0
2017-03-09 10:14:19, 9.4, 36.9, 0.0
2017-03-09 10:19:19, 9.7, 36.6, 0.0
2017-03-09 10:24:19, 9.8, 36.5, 0.0
2017-03-09 10:29:19, 10.1, 36.3, 0.0
2017-03-09 10:34:19, 10.2, 36.3, 0.0
2017-03-09 10:39:19, 10.4, 35.6, 0.0
2017-03-09 10:44:19, 10.5, 35.8, 0.0
2017-03-09 10:49:19, 10.7, 35.5, 0.0
2017-03-09 10:54:19, 10.9, 35.5, 0.0
2017-03-09 10:59:19, 11.0, 35.8, 0.0
2017-03-09 11:04:19, 11.2, 35.3, 0.0
2017-03-09 11:09:19, 11.4, 35.5, 0.0
2017-03-09 11:14:19, 11.5, 35.4, 0.0
2017-03-09 11:19:19, 11.8, 35.9, 0.0
2017-03-09 11:24:19, 12.0, 35.8, 0.0
2017-03-09 11:29:19, 12.2, 35.5, 0.0
2017-03-09 11:34:19, 12.3, 35.5, 0.0
2017-03-09 11:39:19, 12.5, 35.4, 0.0
2017-03-09 11:44:19, 12.7, 35.5, 0.0
2017-03-09 11:49:19, 12.9, 35.7, 0.0
2017-03-09 11:54:19, 13.1, 35.1, 0.0
2017-03-09 11:59:19, 13.3, 35.3, 0.0
2017-03-09 12:04:19, 13.5, 34.5, 0.0
2017-03-09 12:09:19, 13.6, 34.9, 0.0
2017-03-09 12:14:19, 13.8, 34.7, 0.0
2017-03-09 12:19:19, 14.0, 34.4, 0.0
2017-03-09 12:24:19, 14.2, 34.4, 0.0
2017-03-09 12:29:19, 14.4, 34.2, 0.0
2017-03-09 12:34:19, 14.6, 34.2, 0.0
2017-03-09 12:39:19, 14.8, 34.2, 0.0
2017-03-09 12:44:19, 15.0, 34.4, 0.0
2017-03-09 12:49:19, 15.3, 34.2, 0.0
2017-03-09 12:54:19, 15.5, 34.0, 0.0
2017-03-09 12:59:19, 15.7, 33.9, 0.0
2017-03-09 13:04:19, 16.0, 34.2, 0.0
2017-03-09 13:09:19, 16.3, 34.5, 0.0
2017-03-09 13:14:19, 16.6, 33.9, 0.0
2017-03-09 13:19:19, 16.9, 33.4, 0.0
2017-03-09 13:24:19, 17.1, 32.9, 0.0
2017-03-09 13:29:19, 17.6, 32.0, 0.0
2017-03-09 13:34:19, 18.3, 31.6, 0.0
2017-03-09 13:39:19, 18.8, 31.1, 0.0
2017-03-09 13:44:19, 19.1, 30.8, 0.0
2017-03-09 13:49:19, 19.6, 29.6, 0.0
2017-03-09 13:54:19, 19.9, 29.1, 0.0
2017-03-09 13:59:19, 20.2, 28.9, 0.0
2017-03-09 14:04:19, 20.6, 28.6, 0.0
2017-03-09 14:09:19, 20.6, 28.1, 0.0
2017-03-09 14:14:19, 20.6, 27.6, 0.0
2017-03-09 14:19:19, 21.0, 27.7, 0.0
2017-03-09 14:24:19, 21.3, 26.3, 0.0
2017-03-09 14:29:19, 20.8, 27.3, 0.0
2017-03-09 14:34:19, 22.2, 25.9, 0.0
2017-03-09 14:39:19, 23.1, 24.8, 0.0
2017-03-09 14:44:19, 22.9, 24.6, 0.0
2017-03-09 14:49:19, 22.5, 24.9, 0.0
2017-03-09 14:54:19, 22.0, 24.4, 0.0
2017-03-09 14:59:19, 21.6, 25.1, 0.0
2017-03-09 15:04:19, 22.6, 24.2, 0.0
2017-03-09 15:09:19, 23.0, 23.6, 0.0
2017-03-09 15:14:19, 22.9, 23.6, 0.0
2017-03-09 15:19:19, 22.4, 23.8, 0.0
2017-03-09 15:24:19, 22.0, 24.0, 0.0
2017-03-09 15:29:19, 21.2, 24.6, 0.0
2017-03-09 15:34:19, 22.9, 24.2, 0.0
2017-03-09 15:39:19, 25.4, 20.6, 0.0
2017-03-09 15:44:19, 26.1, 20.1, 0.0
2017-03-09 15:49:19, 27.7, 18.8, 0.0
2017-03-09 15:54:19, 28.0, 18.4, 0.0
2017-03-09 15:59:19, 27.9, 18.1, 0.0
2017-03-09 16:04:19, 27.8, 18.2, 0.0
2017-03-09 16:09:19, 29.0, 17.6, 0.0
2017-03-09 16:14:19, 29.5, 17.1, 0.0
2017-03-09 16:19:19, 27.4, 17.9, 0.0
2017-03-09 16:24:19, 25.7, 19.5, 0.0
2017-03-09 16:29:19, 24.7, 19.9, 0.0
2017-03-09 16:34:19, 23.8, 20.2, 0.0
2017-03-09 16:39:19, 23.2, 20.5, 0.0
2017-03-09 16:44:19, 22.8, 21.1, 0.0
2017-03-09 16:49:19, 21.8, 21.4, 0.0
2017-03-09 16:54:19, 20.0, 23.3, 0.0
2017-03-09 16:59:19, 19.1, 24.2, 0.0
2017-03-09 17:04:19, 20.9, 22.9, 0.0
2017-03-09 17:09:19, 21.0, 22.0, 0.0
2017-03-09 17:14:19, 20.2, 22.7, 0.0
2017-03-09 17:19:19, 19.7, 23.4, 0.0
2017-03-09 17:24:19, 21.4, 21.5, 0.0
2017-03-09 17:29:19, 21.0, 21.9, 0.0
2017-03-09 17:34:19, 20.9, 21.9, 0.0
2017-03-09 17:39:19, 19.8, 22.7, 0.0
2017-03-09 17:44:19, 18.5, 23.6, 0.0
2017-03-09 17:49:19, 17.4, 24.8, 0.0
2017-03-09 17:54:19, 16.7, 25.4, 0.0
2017-03-09 17:59:19, 15.9, 26.2, 0.0
2017-03-09 18:04:19, 15.3, 26.8, 0.0
2017-03-09 18:09:19, 14.7, 27.3, 0.0
2017-03-09 18:14:19, 14.2, 27.5, 0.0
2017-03-09 18:19:20, 13.8, 28.3, 0.0
2017-03-09 18:24:20, 13.4, 28.5, 0.0
2017-03-09 18:29:21, 13.1, 28.7, 0.0
2017-03-09 18:34:21, 12.7, 28.9, 0.0
2017-03-09 18:39:21, 12.4, 29.0, 0.0
2017-03-09 18:44:21, 12.1, 29.2, 0.0
2017-03-09 18:49:21, 11.9, 29.5, 0.0
2017-03-09 18:54:21, 11.6, 29.7, 0.0
2017-03-09 18:59:21, 11.4, 30.0, 0.0
2017-03-09 19:04:21, 11.2, 30.6, 0.0
2017-03-09 19:09:21, 11.1, 30.7, 0.0
2017-03-09 19:14:21, 10.8, 30.8, 0.0
2017-03-09 19:19:21, 10.6, 30.9, 0.0
2017-03-09 19:24:21, 10.4, 30.9, 0.0
2017-03-09 19:29:21, 10.3, 31.0, 0.0
2017-03-09 19:34:21, 10.1, 31.1, 0.0
2017-03-09 19:39:21, 9.9, 31.2, 0.0
2017-03-09 19:44:21, 9.8, 31.3, 0.0
2017-03-09 19:49:21, 9.6, 31.4, 0.0
2017-03-09 19:54:21, 9.4, 31.5, 0.0
2017-03-09 19:59:21, 9.3, 31.5, 0.0
2017-03-09 20:04:21, 9.1, 31.6, 0.0
2017-03-09 20:09:21, 9.0, 31.5, 0.0
2017-03-09 20:14:21, 8.9, 31.6, 0.0
2017-03-09 20:19:21, 8.7, 31.7, 0.0
2017-03-09 20:24:21, 8.6, 31.7, 0.0
2017-03-09 20:29:21, 8.5, 31.7, 0.0
2017-03-09 20:34:21, 8.4, 31.8, 0.0
2017-03-09 20:39:21, 8.3, 31.9, 0.0
2017-03-09 20:44:21, 8.1, 32.0, 0.0
2017-03-09 20:49:21, 8.1, 32.1, 0.0
2017-03-09 20:54:21, 7.9, 32.2, 0.0
2017-03-09 20:59:21, 7.8, 32.3, 0.0
2017-03-09 21:04:21, 7.8, 32.4, 0.0
2017-03-09 21:09:21, 7.6, 32.4, 0.0
2017-03-09 21:14:21, 7.6, 32.5, 0.0
2017-03-09 21:19:21, 7.5, 32.7, 0.0
2017-03-09 21:24:21, 7.4, 32.7, 0.0
2017-03-09 21:29:21, 7.2, 32.9, 0.0
2017-03-09 21:34:21, 7.1, 32.9, 0.0
2017-03-09 21:39:21, 7.0, 33.0, 0.0
2017-03-09 21:44:21, 6.9, 33.2, 0.0
2017-03-09 21:49:21, 6.7, 33.2, 0.0
2017-03-09 21:54:21, 6.6, 33.3, 0.0
2017-03-09 21:59:21, 6.5, 33.4, 0.0
2017-03-09 22:04:21, 6.4, 33.4, 0.0
2017-03-09 22:09:21, 6.3, 33.5, 0.0
2017-03-09 22:14:21, 6.2, 33.5, 0.0
2017-03-09 22:19:21, 6.1, 33.6, 0.0
2017-03-09 22:24:21, 6.1, 33.6, 0.0
2017-03-09 22:29:21, 6.0, 33.7, 0.0
2017-03-09 22:34:21, 5.9, 33.7, 0.0
2017-03-09 22:39:21, 5.8, 33.8, 0.0
2017-03-09 22:44:21, 5.7, 33.8, 0.0
2017-03-09 22:49:21, 5.6, 33.8, 0.0
2017-03-09 22:54:21, 5.5, 33.8, 0.0
2017-03-09 22:59:21, 5.4, 33.9, 0.0
2017-03-09 23:04:21, 5.3, 34.0, 0.0
2017-03-09 23:09:21, 5.2, 34.0, 0.0
2017-03-09 23:14:21, 5.1, 34.1, 0.0
2017-03-09 23:19:21, 5.0, 34.2, 0.0
2017-03-09 23:24:21, 4.9, 34.2, 0.0
2017-03-09 23:29:21, 4.8, 34.3, 0.0
2017-03-09 23:34:21, 4.7, 34.4, 0.0
2017-03-09 23:39:21, 4.6, 34.4, 0.0
2017-03-09 23:44:21, 4.6, 34.4, 0.0
2017-03-09 23:49:21, 4.5, 34.5, 0.0
2017-03-09 23:54:21, 4.5, 34.5, 0.0
2017-03-09 23:59:21, 4.4, 34.6, 0.0
2017-03-10 00:04:21, 4.4, 34.6, 0.0
2017-03-10 00:09:21, 4.4, 34.6, 0.0
2017-03-10 00:14:21, 4.3, 34.7, 0.0
2017-03-10 00:19:21, 4.3, 34.7, 0.0
2017-03-10 00:24:21, 4.3, 34.8, 0.0
2017-03-10 00:29:21, 4.3, 34.9, 0.0
2017-03-10 00:34:21, 4.2, 34.9, 0.0
2017-03-10 00:39:21, 4.2, 35.0, 0.0
2017-03-10 00:44:21, 4.2, 35.0, 0.0
2017-03-10 00:49:21, 4.2, 35.0, 0.0
2017-03-10 00:54:21, 4.2, 35.2, 0.0
2017-03-10 00:59:21, 4.2, 35.2, 0.0
2017-03-10 01:04:21, 4.2, 35.2, 0.0
2017-03-10 01:09:21, 4.2, 35.4, 0.0
2017-03-10 01:14:21, 4.1, 35.5, 0.0
2017-03-10 01:19:21, 4.1, 35.6, 0.0
2017-03-10 01:24:21, 4.1, 35.7, 0.0
2017-03-10 01:29:21, 4.1, 35.8, 0.0
2017-03-10 01:34:21, 4.1, 36.1, 0.0
2017-03-10 01:39:21, 4.1, 36.1, 0.0
2017-03-10 01:44:21, 4.1, 36.1, 0.0
2017-03-10 01:49:21, 4.1, 36.3, 0.0
2017-03-10 01:54:21, 4.1, 36.2, 0.0
2017-03-10 01:59:21, 4.0, 36.1, 0.0
2017-03-10 02:04:21, 4.0, 36.1, 0.0
2017-03-10 02:09:21, 4.0, 36.2, 0.0
2017-03-10 02:14:21, 4.0, 36.3, 0.0
2017-03-10 02:19:21, 4.0, 36.4, 0.0
2017-03-10 02:24:21, 3.9, 36.5, 0.0
2017-03-10 02:29:21, 3.9, 36.4, 0.0
2017-03-10 02:34:21, 3.9, 36.5, 0.0
2017-03-10 02:39:21, 3.9, 36.5, 0.0
2017-03-10 02:44:21, 3.8, 36.5, 0.0
2017-03-10 02:49:21, 3.8, 36.5, 0.0
2017-03-10 02:54:21, 3.8, 36.6, 0.0
2017-03-10 02:59:21, 3.8, 36.7, 0.0
2017-03-10 03:04:21, 3.7, 36.7, 0.0
2017-03-10 03:09:21, 3.7, 36.8, 0.0
2017-03-10 03:14:21, 3.7, 36.7, 0.0
2017-03-10 03:19:21, 3.6, 36.8, 0.0
2017-03-10 03:24:21, 3.6, 36.8, 0.0
2017-03-10 03:29:21, 3.6, 36.8, 0.0
2017-03-10 03:34:21, 3.6, 36.8, 0.0
2017-03-10 03:39:21, 3.5, 36.7, 0.0
2017-03-10 03:44:21, 3.5, 36.8, 0.0
2017-03-10 03:49:21, 3.5, 36.7, 0.0
2017-03-10 03:54:21, 3.5, 36.8, 0.0
2017-03-10 03:59:21, 3.4, 36.7, 0.0
2017-03-10 04:04:21, 3.4, 36.8, 0.0
2017-03-10 04:09:21, 3.4, 36.8, 0.0
2017-03-10 04:14:21, 3.4, 36.8, 0.0
2017-03-10 04:19:21, 3.3, 36.8, 0.0
2017-03-10 04:24:21, 3.3, 36.8, 0.0
2017-03-10 04:29:21, 3.3, 36.9, 0.0
2017-03-10 04:34:21, 3.2, 36.9, 0.0
2017-03-10 04:39:21, 3.2, 36.9, 0.0
2017-03-10 04:44:21, 3.2, 37.0, 0.0
2017-03-10 04:49:21, 3.1, 37.0, 0.0
2017-03-10 04:54:21, 3.1, 37.0, 0.0
2017-03-10 04:59:21, 3.1, 37.1, 0.0
2017-03-10 05:04:21, 3.1, 37.1, 0.0
2017-03-10 05:09:22, 3.0, 37.2, 0.0
2017-03-10 05:14:22, 3.0, 37.2, 0.0
2017-03-10 05:19:23, 3.0, 37.2, 0.0
2017-03-10 05:24:23, 3.0, 37.3, 0.0
2017-03-10 05:29:23, 2.9, 37.3, 0.0
2017-03-10 05:34:23, 2.9, 37.3, 0.0
2017-03-10 05:39:23, 2.9, 37.3, 0.0
2017-03-10 05:44:23, 2.9, 37.4, 0.0
2017-03-10 05:49:23, 2.8, 37.4, 0.0
2017-03-10 05:54:23, 2.8, 37.4, 0.0
2017-03-10 05:59:23, 2.8, 37.4, 0.0
2017-03-10 06:04:23, 2.8, 37.5, 0.0
2017-03-10 06:09:23, 2.8, 37.6, 0.0
2017-03-10 06:14:23, 2.7, 37.6, 0.0
2017-03-10 06:19:23, 2.7, 37.7, 0.0
2017-03-10 06:24:23, 2.7, 37.8, 0.0
2017-03-10 06:29:23, 2.7, 38.0, 0.0
2017-03-10 06:34:23, 2.6, 38.1, 0.0
2017-03-10 06:39:23, 2.6, 38.2, 0.0
2017-03-10 06:44:23, 2.6, 38.3, 0.0
2017-03-10 06:49:23, 2.5, 38.4, 0.0
2017-03-10 06:54:23, 2.5, 38.6, 0.0
2017-03-10 06:59:23, 2.5, 38.8, 0.0
2017-03-10 07:04:23, 2.4, 38.9, 0.0
2017-03-10 07:09:23, 2.3, 39.2, 0.0
2017-03-10 07:14:23, 2.3, 39.4, 0.0
2017-03-10 07:19:23, 2.2, 39.6, 0.0
2017-03-10 07:24:23, 2.2, 39.7, 0.0
2017-03-10 07:29:23, 2.2, 39.8, 0.0
2017-03-10 07:34:23, 2.1, 40.0, 0.0
2017-03-10 07:39:23, 2.1, 40.1, 0.0
2017-03-10 07:44:23, 2.1, 40.2, 0.0
2017-03-10 07:49:23, 2.1, 40.3, 0.0
2017-03-10 07:54:23, 2.1, 40.5, 0.0
2017-03-10 07:59:23, 2.1, 40.6, 0.0
2017-03-10 08:04:23, 2.1, 40.8, 0.0
2017-03-10 08:09:23, 2.1, 40.9, 0.0
2017-03-10 08:14:23, 2.2, 41.0, 0.0
2017-03-10 08:19:23, 2.2, 41.2, 0.0
2017-03-10 08:24:23, 2.2, 41.2, 0.0
2017-03-10 08:29:23, 2.2, 41.3, 0.0
2017-03-10 08:34:23, 2.3, 41.3, 0.0
2017-03-10 08:39:23, 2.3, 41.5, 0.0
2017-03-10 08:44:23, 2.3, 41.5, 0.0
2017-03-10 08:49:23, 2.4, 41.6, 0.0
2017-03-10 08:54:23, 2.4, 41.7, 0.0
2017-03-10 08:59:23, 2.4, 41.8, 0.0
2017-03-10 09:04:23, 2.5, 41.8, 0.0
2017-03-10 09:09:23, 2.5, 41.8, 0.0
2017-03-10 09:14:23, 2.5, 41.9, 0.0
2017-03-10 09:19:23, 2.6, 41.9, 0.0
2017-03-10 09:24:23, 2.7, 41.9, 0.0
2017-03-10 09:29:23, 2.7, 41.9, 0.0
2017-03-10 09:34:23, 2.8, 41.7, 0.0
2017-03-10 09:39:23, 3.0, 41.6, 0.0
2017-03-10 09:44:23, 3.0, 41.6, 0.0
2017-03-10 09:49:23, 3.1, 41.6, 0.0
2017-03-10 09:54:23, 3.3, 41.4, 0.0
2017-03-10 09:59:23, 3.2, 41.4, 0.0
2017-03-10 10:04:23, 3.1, 41.7, 0.0
2017-03-10 10:09:23, 3.1, 41.9, 0.0
2017-03-10 10:14:23, 3.1, 42.0, 0.0
2017-03-10 10:19:23, 3.1, 42.1, 0.0
2017-03-10 10:24:23, 3.2, 42.2, 0.0
2017-03-10 10:29:23, 3.3, 42.1, 0.0
2017-03-10 10:34:23, 3.4, 42.1, 0.0
2017-03-10 10:39:23, 3.5, 42.0, 0.0
2017-03-10 10:44:23, 3.6, 41.8, 0.0
2017-03-10 10:49:23, 3.8, 43.3, 0.0
2017-03-10 10:54:23, 3.8, 42.6, 0.0
2017-03-10 10:59:23, 3.8, 42.2, 0.0
2017-03-10 11:04:23, 3.9, 42.0, 0.0
2017-03-10 11:09:23, 4.1, 41.7, 0.0
2017-03-10 11:14:23, 4.1, 41.6, 0.0
2017-03-10 11:19:23, 4.2, 41.4, 0.0
2017-03-10 11:24:23, 4.2, 41.4, 0.0
2017-03-10 11:29:23, 4.2, 41.4, 0.0
2017-03-10 11:34:23, 4.2, 41.5, 0.0
2017-03-10 11:39:23, 4.2, 41.4, 0.0
2017-03-10 11:44:23, 4.2, 41.3, 0.0
2017-03-10 11:49:23, 4.3, 41.3, 0.0
2017-03-10 11:54:23, 4.4, 41.2, 0.0
2017-03-10 11:59:23, 4.4, 41.2, 0.0
2017-03-10 12:04:23, 4.3, 41.4, 0.0
2017-03-10 12:09:23, 4.3, 41.4, 0.0
2017-03-10 12:14:23, 4.4, 41.4, 0.0
2017-03-10 12:19:23, 4.3, 41.5, 0.0
2017-03-10 12:24:23, 4.4, 41.5, 0.0
2017-03-10 12:29:23, 4.4, 41.4, 0.0
2017-03-10 12:34:23, 4.5, 41.4, 0.0
2017-03-10 12:39:23, 4.5, 41.4, 0.0
2017-03-10 12:44:23, 4.5, 41.4, 0.0
2017-03-10 12:49:23, 4.5, 41.6, 0.0
2017-03-10 12:54:23, 4.4, 41.8, 0.0
2017-03-10 12:59:23, 4.4, 41.9, 0.0
2017-03-10 13:04:23, 4.6, 41.7, 0.0
2017-03-10 13:09:23, 5.1, 41.0, 0.0
2017-03-10 13:14:23, 5.2, 40.9, 0.0
2017-03-10 13:19:23, 5.6, 40.5, 0.0
2017-03-10 13:24:23, 5.5, 40.4, 0.0
2017-03-10 13:29:23, 5.2, 41.0, 0.0
2017-03-10 13:34:23, 4.9, 41.5, 0.0
2017-03-10 13:39:23, 4.7, 42.0, 0.0
2017-03-10 13:44:23, 4.5, 42.3, 0.0
2017-03-10 13:49:23, 4.4, 42.7, 0.0
2017-03-10 13:54:23, 4.4, 42.9, 0.0
2017-03-10 13:59:23, 4.5, 42.9, 0.0
2017-03-10 14:04:23, 4.7, 42.5, 0.0
2017-03-10 14:09:23, 4.7, 42.6, 0.0
2017-03-10 14:14:23, 4.7, 42.5, 0.0
2017-03-10 14:19:23, 4.7, 43.4, 0.0
2017-03-10 14:24:23, 4.8, 43.2, 0.0
2017-03-10 14:29:23, 4.7, 43.2, 0.0
2017-03-10 14:34:23, 4.7, 43.2, 0.0
2017-03-10 14:39:23, 4.8, 43.1, 0.0
2017-03-10 14:44:23, 4.9, 43.0, 0.0
2017-03-10 14:49:23, 4.9, 42.9, 0.0
2017-03-10 14:54:23, 5.0, 42.8, 0.0
2017-03-10 14:59:23, 5.0, 43.0, 0.0
2017-03-10 15:04:23, 5.0, 42.8, 0.0
2017-03-10 15:09:23, 5.1, 42.7, 0.0
2017-03-10 15:14:23, 5.1, 44.1, 0.0
2017-03-10 15:19:23, 5.1, 43.7, 0.0
2017-03-10 15:24:23, 5.0, 43.6, 0.0
2017-03-10 15:29:23, 4.9, 43.7, 0.0
2017-03-10 15:34:23, 4.9, 43.8, 0.0
2017-03-10 15:39:23, 4.8, 43.8, 0.0
2017-03-10 15:44:23, 4.7, 44.0, 0.0
2017-03-10 15:49:23, 4.8, 43.9, 0.0
2017-03-10 15:54:23, 4.8, 43.9, 0.0
2017-03-10 15:59:23, 4.8, 43.8, 0.0
2017-03-10 16:04:24, 4.7, 44.1, 0.0
2017-03-10 16:09:24, 4.6, 44.3, 0.0
2017-03-10 16:14:25, 4.4, 44.6, 0.0
2017-03-10 16:19:25, 4.3, 44.8, 0.0
2017-03-10 16:24:25, 4.2, 44.9, 0.0
2017-03-10 16:29:25, 4.2, 44.9, 0.0
2017-03-10 16:34:25, 4.3, 44.9, 0.0
2017-03-10 16:39:25, 4.2, 45.0, 0.0
2017-03-10 16:44:25, 4.3, 44.9, 0.0
2017-03-10 16:49:25, 4.3, 44.9, 0.0
2017-03-10 16:54:25, 4.2, 45.0, 0.0
2017-03-10 16:59:25, 4.2, 45.1, 0.0
2017-03-10 17:04:25, 4.2, 45.2, 0.0
2017-03-10 17:09:25, 4.2, 45.2, 0.0
2017-03-10 17:14:25, 4.4, 44.9, 0.0
2017-03-10 17:19:25, 4.6, 44.4, 0.0
2017-03-10 17:24:25, 4.7, 44.2, 0.0
2017-03-10 17:29:25, 4.7, 44.2, 0.0
2017-03-10 17:34:25, 4.7, 44.2, 0.0
2017-03-10 17:39:25, 4.5, 44.3, 0.0
2017-03-10 17:44:25, 4.4, 44.6, 0.0
2017-03-10 17:49:25, 4.5, 44.6, 0.0
2017-03-10 17:54:25, 4.4, 44.8, 0.0
2017-03-10 17:59:25, 4.3, 44.8, 0.0
2017-03-10 18:04:25, 4.2, 44.9, 0.0
2017-03-10 18:09:25, 4.0, 45.4, 0.0
2017-03-10 18:14:25, 3.7, 46.0, 0.0
2017-03-10 18:19:25, 3.5, 46.4, 0.0
2017-03-10 18:24:25, 3.2, 46.9, 0.0
2017-03-10 18:29:25, 3.0, 48.1, 0.0
2017-03-10 18:34:25, 2.9, 48.4, 0.0
2017-03-10 18:39:25, 2.7, 49.6, 0.0
2017-03-10 18:44:25, 2.6, 50.4, 0.0
2017-03-10 18:49:25, 2.5, 50.7, 0.0
2017-03-10 18:54:25, 2.4, 51.2, 0.0
2017-03-10 18:59:25, 2.3, 51.2, 0.0
2017-03-10 19:04:25, 2.3, 51.4, 0.0
2017-03-10 19:09:25, 2.2, 51.3, 0.0
2017-03-10 19:14:25, 2.2, 51.1, 0.0
2017-03-10 19:19:25, 2.2, 50.9, 0.0
2017-03-10 19:24:25, 2.1, 50.7, 0.0
2017-03-10 19:29:25, 2.1, 50.5, 0.0
2017-03-10 19:34:25, 2.1, 50.4, 0.0
2017-03-10 19:39:25, 2.0, 50.4, 0.0
2017-03-10 19:44:25, 2.0, 50.3, 0.0
2017-03-10 19:49:25, 1.9, 50.2, 0.0
2017-03-10 19:54:25, 1.9, 50.2, 0.0
2017-03-10 19:59:25, 1.9, 50.4, 0.0
2017-03-10 20:04:25, 1.8, 50.5, 0.0
2017-03-10 20:09:25, 1.8, 50.6, 0.0
2017-03-10 20:14:25, 1.7, 50.7, 0.0
2017-03-10 20:19:25, 1.7, 50.7, 0.0
2017-03-10 20:24:25, 1.7, 50.7, 0.0
2017-03-10 20:29:25, 1.6, 50.7, 0.0
2017-03-10 20:34:25, 1.6, 50.7, 0.0
2017-03-10 20:39:25, 1.5, 50.4, 0.0
2017-03-10 20:44:25, 1.4, 50.0, 0.0
2017-03-10 20:49:25, 1.4, 49.7, 0.0
2017-03-10 20:54:25, 1.3, 49.5, 0.0
2017-03-10 20:59:25, 1.2, 49.0, 0.0
2017-03-10 21:04:25, 1.1, 48.9, 0.0
2017-03-10 21:09:25, 1.0, 48.6, 0.0
2017-03-10 21:14:25, 0.9, 48.0, 0.0
2017-03-10 21:19:25, 0.9, 47.8, 0.0
2017-03-10 21:24:25, 0.8, 47.4, 0.0
2017-03-10 21:29:25, 0.7, 47.4, 0.0
2017-03-10 21:34:25, 0.6, 48.1, 0.0
2017-03-10 21:39:25, 0.5, 48.0, 0.0
2017-03-10 21:44:25, 0.4, 47.5, 0.0
2017-03-10 21:49:25, 0.4, 47.4, 0.0
2017-03-10 21:54:25, 0.3, 47.0, 0.0
2017-03-10 21:59:25, 0.3, 46.6, 0.0
2017-03-10 22:04:25, 0.2, 46.6, 0.0
2017-03-10 22:09:25, 0.2, 46.6, 0.0
2017-03-10 22:14:25, 0.1, 46.8, 0.0
2017-03-10 22:19:25, 0.0, 47.1, 0.0
2017-03-10 22:24:25, 0.0, 47.3, 0.0
2017-03-10 22:29:25, -0.1, 47.6, 0.0
2017-03-10 22:34:25, -0.2, 47.8, 0.0
2017-03-10 22:39:25, -0.3, 48.0, 0.0
2017-03-10 22:44:25, -0.3, 48.1, 0.0
2017-03-10 22:49:25, -0.4, 48.2, 0.0
2017-03-10 22:54:25, -0.4, 48.5, 0.0
2017-03-10 22:59:25, -0.5, 48.4, 0.0
2017-03-10 23:04:25, -0.5, 48.4, 0.0
2017-03-10 23:09:25, -0.5, 48.4, 0.0
2017-03-10 23:14:25, -0.6, 48.4, 0.0
2017-03-10 23:19:25, -0.7, 48.4, 0.0
2017-03-10 23:24:25, -0.8, 48.4, 0.0
2017-03-10 23:29:25, -0.8, 48.4, 0.0
2017-03-10 23:34:25, -0.9, 48.4, 0.0
2017-03-10 23:39:25, -1.0, 48.4, 0.0
2017-03-10 23:44:25, -1.1, 48.4, 0.0
2017-03-10 23:49:25, -1.2, 48.5, 0.0
2017-03-10 23:54:25, -1.2, 48.5, 0.0
2017-03-10 23:59:25, -1.3, 48.5, 0.0
2017-03-11 00:04:25, -1.4, 48.5, 0.0
2017-03-11 00:09:25, -1.5, 48.6, 0.0
2017-03-11 00:14:25, -1.6, 48.6, 0.0
2017-03-11 00:19:25, -1.6, 48.6, 0.0
2017-03-11 00:24:25, -1.7, 48.5, 0.0
2017-03-11 00:29:25, -1.7, 48.5, 0.0
2017-03-11 00:34:25, -1.8, 48.5, 0.0
2017-03-11 00:39:25, -1.8, 48.4, 0.0
2017-03-11 00:44:25, -1.9, 48.3, 0.0
2017-03-11 00:49:25, -1.9, 48.2, 0.0
2017-03-11 00:54:25, -2.0, 48.2, 0.0
2017-03-11 00:59:25, -2.0, 48.2, 0.0
2017-03-11 01:04:25, -2.1, 48.3, 0.0
2017-03-11 01:09:25, -2.1, 48.3, 0.0
2017-03-11 01:14:25, -2.2, 48.2, 0.0
2017-03-11 01:19:25, -2.2, 48.0, 0.0
2017-03-11 01:24:25, -2.3, 47.4, 0.0
2017-03-11 01:29:25, -2.4, 47.4, 0.0
2017-03-11 01:34:25, -2.5, 47.0, 0.0
2017-03-11 01:39:25, -2.6, 46.7, 0.0
2017-03-11 01:44:25, -2.7, 46.5, 0.0
2017-03-11 01:49:25, -2.8, 46.7, 0.0
2017-03-11 01:54:25, -2.9, 46.6, 0.0
2017-03-11 01:59:25, -3.0, 46.8, 0.0
2017-03-11 02:04:25, -3.1, 46.5, 0.0
2017-03-11 02:09:25, -3.2, 46.5, 0.0
2017-03-11 02:14:25, -3.3, 46.1, 0.0
2017-03-11 02:19:25, -3.4, 46.1, 0.0
2017-03-11 02:24:25, -3.5, 46.1, 0.0
2017-03-11 02:29:25, -3.6, 46.1, 0.0
2017-03-11 02:34:25, -3.7, 46.0, 0.0
2017-03-11 02:39:25, -3.8, 46.1, 0.0
2017-03-11 02:44:25, -3.9, 46.0, 0.0
2017-03-11 02:49:25, -4.0, 45.7, 0.0
2017-03-11 02:54:25, -4.0, 45.8, 0.0
2017-03-11 02:59:26, -4.1, 45.8, 0.0
2017-03-11 03:04:26, -4.2, 45.7, 0.0
2017-03-11 03:09:27, -4.2, 45.8, 0.0
2017-03-11 03:14:27, -4.2, 45.9, 0.0
2017-03-11 03:19:27, -4.3, 46.1, 0.0
2017-03-11 03:24:27, -4.3, 46.5, 0.0
2017-03-11 03:29:27, -4.4, 47.5, 0.0
2017-03-11 03:34:27, -4.5, 48.0, 0.0
2017-03-11 03:39:27, -4.5, 48.1, 0.0
2017-03-11 03:44:27, -4.6, 48.1, 0.0
2017-03-11 03:49:27, -4.7, 48.0, 0.0
2017-03-11 03:54:27, -4.8, 47.9, 0.0
2017-03-11 03:59:27, -4.9, 47.7, 0.0
2017-03-11 04:04:27, -5.0, 47.7, 0.0
2017-03-11 04:09:27, -5.1, 47.5, 0.0
2017-03-11 04:14:27, -5.3, 47.3, 0.0
2017-03-11 04:19:27, -5.4, 47.1, 0.0
2017-03-11 04:24:27, -5.5, 47.1, 0.0
2017-03-11 04:29:27, -5.6, 47.0, 0.0
2017-03-11 04:34:27, -5.7, 47.0, 0.0
2017-03-11 04:39:27, -5.8, 46.7, 0.0
2017-03-11 04:44:27, -5.9, 46.7, 0.0
2017-03-11 04:49:27, -6.0, 46.6, 0.0
2017-03-11 04:54:27, -6.0, 46.7, 0.0
2017-03-11 04:59:27, -6.1, 46.7, 0.0
2017-03-11 05:04:27, -6.2, 46.6, 0.0
2017-03-11 05:09:27, -6.3, 46.7, 0.0
2017-03-11 05:14:27, -6.3, 46.7, 0.0
2017-03-11 05:19:27, -6.4, 46.4, 0.0
2017-03-11 05:24:27, -6.5, 46.4, 0.0
2017-03-11 05:29:27, -6.6, 46.2, 0.0
2017-03-11 05:34:27, -6.7, 46.1, 0.0
2017-03-11 05:39:27, -6.8, 46.0, 0.0
2017-03-11 05:44:27, -6.8, 45.8, 0.0
2017-03-11 05:49:27, -7.0, 45.8, 0.0
2017-03-11 05:54:27, -7.1, 45.6, 0.0
2017-03-11 05:59:27, -7.2, 45.4, 0.0
2017-03-11 06:04:27, -7.3, 45.4, 0.0
2017-03-11 06:09:27, -7.4, 45.1, 0.0
2017-03-11 06:14:27, -7.5, 44.9, 0.0
2017-03-11 06:19:27, -7.6, 44.9, 0.0
2017-03-11 06:24:27, -7.7, 44.9, 0.0
2017-03-11 06:29:27, -7.8, 44.8, 0.0
2017-03-11 06:34:27, -7.9, 44.8, 0.0
2017-03-11 06:39:27, -8.0, 44.7, 0.0
2017-03-11 06:44:27, -8.1, 44.6, 0.0
2017-03-11 06:49:27, -8.2, 44.6, 0.0
2017-03-11 06:54:27, -8.3, 44.6, 0.0
2017-03-11 06:59:27, -8.3, 44.4, 0.0
2017-03-11 07:04:27, -8.4, 44.5, 0.0
2017-03-11 07:09:27, -8.5, 44.4, 0.0
2017-03-11 07:14:27, -8.5, 44.2, 0.0
2017-03-11 07:19:27, -8.6, 44.1, 0.0
2017-03-11 07:24:27, -8.6, 44.0, 0.0
2017-03-11 07:29:27, -8.7, 44.0, 0.0
2017-03-11 07:34:27, -8.7, 44.0, 0.0
2017-03-11 07:39:27, -8.7, 43.8, 0.0
2017-03-11 07:44:27, -8.7, 43.7, 0.0
2017-03-11 07:49:27, -8.7, 43.5, 0.0
2017-03-11 07:54:27, -8.6, 42.9, 0.0
2017-03-11 07:59:27, -8.6, 42.8, 0.0
2017-03-11 08:04:27, -8.6, 42.0, 0.0
2017-03-11 08:09:27, -8.5, 41.6, 0.0
2017-03-11 08:14:27, -8.4, 41.3, 0.0
2017-03-11 08:19:27, -8.4, 41.2, 0.0
2017-03-11 08:24:27, -8.3, 40.5, 0.0
2017-03-11 08:29:27, -8.1, 40.1, 0.0
2017-03-11 08:34:27, -8.0, 39.5, 0.0
2017-03-11 08:39:27, -7.9, 39.2, 0.0
2017-03-11 08:44:27, -7.8, 39.0, 0.0
2017-03-11 08:49:27, -7.7, 38.5, 0.0
2017-03-11 08:54:27, -7.6, 38.4, 0.0
2017-03-11 08:59:27, -7.5, 38.2, 0.0
2017-03-11 09:04:27, -7.5, 37.8, 0.0
2017-03-11 09:09:27, -7.4, 37.5, 0.0
2017-03-11 09:14:27, -7.4, 37.1, 0.0
2017-03-11 09:19:27, -7.3, 37.0, 0.0
2017-03-11 09:24:27, -7.2, 36.9, 0.0
2017-03-11 09:29:27, -7.1, 36.7, 0.0
2017-03-11 09:34:27, -7.0, 36.6, 0.0
2017-03-11 09:39:27, -6.9, 36.2, 0.0
2017-03-11 09:44:27, -6.8, 36.1, 0.0
2017-03-11 09:49:27, -6.7, 36.0, 0.0
2017-03-11 09:54:27, -6.6, 35.9, 0.0
2017-03-11 09:59:27, -6.5, 35.6, 0.0
2017-03-11 10:04:27, -6.4, 35.1, 0.0
2017-03-11 10:09:27, -6.2, 35.2, 0.0
2017-03-11 10:14:27, -6.1, 35.1, 0.0
2017-03-11 10:19:27, -5.9, 35.2, 0.0
2017-03-11 10:24:27, -5.7, 34.9, 0.0
2017-03-11 10:29:27, -5.6, 34.7, 0.0
2017-03-11 10:34:27, -5.4, 34.9, 0.0
2017-03-11 10:39:27, -5.1, 34.9, 0.0
2017-03-11 10:44:27, -5.0, 34.5, 0.0
2017-03-11 10:49:27, -4.8, 34.3, 0.0
2017-03-11 10:54:27, -4.7, 34.2, 0.0
2017-03-11 10:59:27, -4.5, 33.7, 0.0
2017-03-11 11:04:27, -4.3, 33.7, 0.0
2017-03-11 11:09:27, -4.1, 33.8, 0.0
2017-03-11 11:14:27, -3.8, 33.7, 0.0
2017-03-11 11:19:27, -3.5, 33.4, 0.0
2017-03-11 11:24:27, -3.3, 33.5, 0.0
2017-03-11 11:29:27, -3.0, 33.5, 0.0
2017-03-11 11:34:27, -2.8, 33.7, 0.0
2017-03-11 11:39:27, -2.4, 33.5, 0.0
2017-03-11 11:44:27, -2.0, 33.4, 0.0
2017-03-11 11:49:27, -2.1, 33.5, 0.0
2017-03-11 11:54:27, -2.1, 33.4, 0.0
2017-03-11 11:59:27, -1.7, 33.5, 0.0
2017-03-11 12:04:27, -1.4, 32.7, 0.0
2017-03-11 12:09:27, -1.0, 32.5, 0.0
2017-03-11 12:14:27, -0.6, 32.3, 0.0
2017-03-11 12:19:27, -0.2, 32.2, 0.0
2017-03-11 12:24:27, 0.1, 32.3, 0.0
2017-03-11 12:29:27, 0.5, 31.8, 0.0
2017-03-11 12:34:27, 0.7, 32.0, 0.0
2017-03-11 12:39:27, 0.6, 32.3, 0.0
2017-03-11 12:44:27, 0.8, 32.4, 0.0
2017-03-11 12:49:27, 1.1, 32.1, 0.0
2017-03-11 12:54:27, 1.4, 32.5, 0.0
2017-03-11 12:59:27, 1.7, 32.2, 0.0
2017-03-11 13:04:27, 2.0, 32.2, 0.0
2017-03-11 13:09:27, 2.2, 32.2, 0.0
2017-03-11 13:14:27, 2.5, 32.3, 0.0
2017-03-11 13:19:27, 2.9, 32.1, 0.0
2017-03-11 13:24:27, 3.3, 31.8, 0.0
2017-03-11 13:29:27, 3.9, 31.3, 0.0
2017-03-11 13:34:27, 4.5, 29.9, 0.0
2017-03-11 13:39:27, 4.8, 30.1, 0.0
2017-03-11 13:44:27, 5.1, 30.1, 0.0
2017-03-11 13:49:27, 5.5, 29.8, 0.0
2017-03-11 13:54:28, 5.7, 29.1, 0.0
2017-03-11 13:59:28, 5.7, 29.3, 0.0
2017-03-11 14:04:29, 6.6, 28.7, 0.0
2017-03-11 14:09:29, 7.5, 27.2, 0.0
2017-03-11 14:14:29, 7.8, 26.5, 0.0
2017-03-11 14:19:29, 7.8, 26.5, 0.0
2017-03-11 14:24:29, 8.2, 26.1, 0.0
2017-03-11 14:29:29, 8.8, 25.5, 0.0
2017-03-11 14:34:29, 9.7, 24.3, 0.0
2017-03-11 14:39:29, 9.6, 23.8, 0.0
2017-03-11 14:44:29, 9.1, 24.2, 0.0
2017-03-11 14:49:29, 9.5, 23.6, 0.0
2017-03-11 14:54:29, 8.5, 24.7, 0.0
2017-03-11 14:59:29, 8.2, 24.6, 0.0
2017-03-11 15:04:29, 7.7, 25.1, 0.0
2017-03-11 15:09:29, 7.5, 25.0, 0.0
2017-03-11 15:14:29, 7.4, 24.8, 0.0
2017-03-11 15:19:29, 7.1, 25.3, 0.0
2017-03-11 15:24:29, 6.6, 25.5, 0.0
2017-03-11 15:29:29, 5.9, 25.9, 0.0
2017-03-11 15:34:29, 6.2, 25.5, 0.0
2017-03-11 15:39:29, 7.2, 24.6, 0.0
2017-03-11 15:44:29, 7.8, 23.8, 0.0
2017-03-11 15:49:29, 6.9, 24.2, 0.0
2017-03-11 15:54:29, 7.1, 24.3, 0.0
2017-03-11 15:59:29, 7.8, 23.8, 0.0
2017-03-11 16:04:29, 7.9, 23.4, 0.0
2017-03-11 16:09:29, 8.3, 22.8, 0.0
2017-03-11 16:14:29, 7.6, 23.1, 0.0
2017-03-11 16:19:29, 6.9, 24.1, 0.0
2017-03-11 16:24:29, 6.2, 25.0, 0.0
2017-03-11 16:29:29, 5.8, 24.9, 0.0
2017-03-11 16:34:29, 5.3, 25.5, 0.0
2017-03-11 16:39:29, 4.4, 26.1, 0.0
2017-03-11 16:44:29, 3.9, 26.7, 0.0
2017-03-11 16:49:29, 3.6, 27.2, 0.0
2017-03-11 16:54:29, 3.2, 27.5, 0.0
2017-03-11 16:59:29, 2.9, 27.8, 0.0
2017-03-11 17:04:29, 2.7, 27.9, 0.0
2017-03-11 17:09:29, 2.4, 28.3, 0.0
2017-03-11 17:14:29, 2.3, 28.2, 0.0
2017-03-11 17:19:29, 2.2, 29.1, 0.0
2017-03-11 17:24:29, 1.9, 29.0, 0.0
2017-03-11 17:29:29, 1.9, 28.8, 0.0
2017-03-11 17:34:29, 1.4, 29.1, 0.0
2017-03-11 17:39:29, 1.0, 29.3, 0.0
2017-03-11 17:44:29, 0.7, 29.4, 0.0
2017-03-11 17:49:29, 0.2, 29.6, 0.0
2017-03-11 17:54:29, -0.2, 30.3, 0.0
2017-03-11 17:59:29, -0.5, 30.4, 0.0
2017-03-11 18:04:29, -0.8, 30.7, 0.0
2017-03-11 18:09:29, -1.1, 31.1, 0.0
2017-03-11 18:14:29, -1.3, 31.1, 0.0
2017-03-11 18:19:29, -1.6, 31.3, 0.0
2017-03-11 18:24:29, -1.9, 31.7, 0.0
2017-03-11 18:29:29, -2.2, 31.9, 0.0
2017-03-11 18:34:29, -2.4, 32.1, 0.0
2017-03-11 18:39:29, -2.7, 32.3, 0.0
2017-03-11 18:44:29, -2.9, 32.6, 0.0
2017-03-11 18:49:29, -3.2, 32.7, 0.0
2017-03-11 18:54:29, -3.4, 32.9, 0.0
2017-03-11 18:59:29, -3.6, 33.0, 0.0
2017-03-11 19:04:29, -3.7, 33.1, 0.0
2017-03-11 19:09:29, -3.9, 33.5, 0.0
2017-03-11 19:14:29, -4.0, 35.2, 0.0
2017-03-11 19:19:29, -4.2, 35.0, 0.0
2017-03-11 19:24:29, -4.3, 34.6, 0.0
2017-03-11 19:29:29, -4.5, 35.2, 0.0
2017-03-11 19:34:29, -4.6, 35.2, 0.0
2017-03-11 19:39:29, -4.7, 35.1, 0.0
2017-03-11 19:44:29, -4.8, 34.9, 0.0
2017-03-11 19:49:29, -5.0, 34.8, 0.0
2017-03-11 19:54:29, -5.1, 34.7, 0.0
2017-03-11 19:59:29, -5.2, 34.7, 0.0
2017-03-11 20:04:29, -5.3, 34.6, 0.0
2017-03-11 20:09:29, -5.4, 34.6, 0.0
2017-03-11 20:14:29, -5.5, 34.6, 0.0
2017-03-11 20:19:29, -5.6, 34.5, 0.0
2017-03-11 20:24:29, -5.7, 34.6, 0.0
2017-03-11 20:29:29, -5.8, 34.6, 0.0
2017-03-11 20:34:29, -5.9, 34.6, 0.0
2017-03-11 20:39:29, -6.0, 34.7, 0.0
2017-03-11 20:44:29, -6.1, 34.7, 0.0
2017-03-11 20:49:29, -6.1, 34.7, 0.0
2017-03-11 20:54:29, -6.2, 34.7, 0.0
2017-03-11 20:59:29, -6.3, 34.8, 0.0
2017-03-11 21:04:29, -6.4, 34.8, 0.0
2017-03-11 21:09:29, -6.4, 34.8, 0.0
2017-03-11 21:14:29, -6.5, 34.9, 0.0
2017-03-11 21:19:29, -6.6, 34.9, 0.0
2017-03-11 21:24:29, -6.7, 35.0, 0.0
2017-03-11 21:29:29, -6.7, 35.0, 0.0
2017-03-11 21:34:29, -6.8, 35.1, 0.0
2017-03-11 21:39:29, -6.8, 35.1, 0.0
2017-03-11 21:44:29, -6.9, 35.1, 0.0
2017-03-11 21:49:29, -7.0, 35.2, 0.0
2017-03-11 21:54:29, -7.0, 35.3, 0.0
2017-03-11 21:59:29, -7.1, 35.3, 0.0
2017-03-11 22:04:29, -7.1, 35.3, 0.0
2017-03-11 22:09:29, -7.2, 35.4, 0.0
2017-03-11 22:14:29, -7.3, 35.4, 0.0
2017-03-11 22:19:29, -7.3, 35.4, 0.0
2017-03-11 22:24:29, -7.4, 35.5, 0.0
2017-03-11 22:29:29, -7.5, 35.5, 0.0
2017-03-11 22:34:29, -7.5, 35.6, 0.0
2017-03-11 22:39:29, -7.6, 35.6, 0.0
2017-03-11 22:44:29, -7.6, 36.5, 0.0
2017-03-11 22:49:29, -7.6, 38.4, 0.0
2017-03-11 22:54:29, -7.7, 38.0, 0.0
2017-03-11 22:59:29, -7.8, 37.7, 0.0
2017-03-11 23:04:29, -7.8, 37.4, 0.0
2017-03-11 23:09:29, -7.9, 37.2, 0.0
2017-03-11 23:14:29, -7.9, 37.1, 0.0
2017-03-11 23:19:29, -8.0, 37.0, 0.0
2017-03-11 23:24:29, -8.1, 36.9, 0.0
2017-03-11 23:29:29, -8.2, 36.9, 0.0
2017-03-11 23:34:29, -8.2, 36.8, 0.0
2017-03-11 23:39:29, -8.3, 36.8, 0.0
2017-03-11 23:44:29, -8.4, 36.8, 0.0
2017-03-11 23:49:29, -8.4, 36.8, 0.0
2017-03-11 23:54:29, -8.5, 36.8, 0.0
2017-03-11 23:59:29, -8.5, 36.7, 0.0
2017-03-12 00:04:29, -8.6, 36.7, 0.0
2017-03-12 00:09:29, -8.7, 36.7, 0.0
2017-03-12 00:14:29, -8.7, 36.8, 0.0
2017-03-12 00:19:29, -8.8, 36.8, 0.0
2017-03-12 00:24:29, -8.8, 36.8, 0.0
2017-03-12 00:29:29, -8.9, 36.9, 0.0
2017-03-12 00:34:29, -8.9, 36.8, 0.0
2017-03-12 00:39:29, -9.0, 36.8, 0.0
2017-03-12 00:44:29, -9.1, 36.9, 0.0
2017-03-12 00:49:30, -9.1, 37.0, 0.0
2017-03-12 00:54:30, -9.1, 37.0, 0.0
2017-03-12 00:59:31, -9.2, 37.0, 0.0
2017-03-12 01:04:31, -9.2, 37.0, 0.0
2017-03-12 01:09:31, -9.3, 37.0, 0.0
2017-03-12 01:14:31, -9.3, 37.0, 0.0
2017-03-12 01:19:31, -9.4, 37.0, 0.0
2017-03-12 01:24:31, -9.4, 37.0, 0.0
2017-03-12 01:29:31, -9.5, 37.0, 0.0
2017-03-12 01:34:31, -9.5, 36.9, 0.0
2017-03-12 01:39:31, -9.5, 36.9, 0.0
2017-03-12 01:44:31, -9.6, 36.9, 0.0
2017-03-12 01:49:31, -9.6, 36.9, 0.0
2017-03-12 01:54:31, -9.7, 36.9, 0.0
2017-03-12 01:59:31, -9.7, 36.9, 0.0
2017-03-12 02:04:31, -9.8, 36.9, 0.0
2017-03-12 02:09:31, -9.8, 36.9, 0.0
2017-03-12 02:14:31, -9.9, 36.9, 0.0
2017-03-12 02:19:31, -9.9, 36.9, 0.0
2017-03-12 02:24:31, -9.9, 36.9, 0.0
2017-03-12 02:29:31, -10.0, 36.9, 0.0
2017-03-12 02:34:31, -10.0, 36.9, 0.0
2017-03-12 02:39:31, -10.1, 36.9, 0.0
2017-03-12 02:44:31, -10.1, 36.9, 0.0
2017-03-12 02:49:31, -10.2, 36.9, 0.0
2017-03-12 02:54:31, -10.2, 37.0, 0.0
2017-03-12 02:59:31, -10.3, 37.0, 0.0
2017-03-12 03:04:31, -10.3, 37.1, 0.0
2017-03-12 03:09:31, -10.4, 37.1, 0.0
2017-03-12 03:14:31, -10.4, 37.1, 0.0
2017-03-12 03:19:31, -10.4, 37.1, 0.0
2017-03-12 03:24:31, -10.5, 37.2, 0.0
2017-03-12 03:29:31, -10.5, 37.2, 0.0
2017-03-12 03:34:31, -10.6, 37.2, 0.0
2017-03-12 03:39:31, -10.6, 37.3, 0.0
2017-03-12 03:44:31, -10.7, 37.2, 0.0
2017-03-12 03:49:31, -10.7, 37.2, 0.0
2017-03-12 03:54:31, -10.8, 37.3, 0.0
2017-03-12 03:59:31, -10.8, 37.3, 0.0
2017-03-12 04:04:31, -10.9, 37.4, 0.0
2017-03-12 04:09:31, -10.9, 37.7, 0.0
2017-03-12 04:14:31, -11.0, 37.6, 0.0
2017-03-12 04:19:31, -11.0, 37.7, 0.0
2017-03-12 04:24:31, -11.1, 37.7, 0.0
2017-03-12 04:29:31, -11.1, 37.8, 0.0
2017-03-12 04:34:31, -11.1, 37.8, 0.0
2017-03-12 04:39:31, -11.2, 37.8, 0.0
2017-03-12 04:44:31, -11.2, 38.0, 0.0
2017-03-12 04:49:31, -11.3, 37.9, 0.0
2017-03-12 04:54:31, -11.3, 38.0, 0.0
2017-03-12 04:59:31, -11.4, 38.0, 0.0
2017-03-12 05:04:31, -11.4, 38.0, 0.0
2017-03-12 05:09:31, -11.5, 38.1, 0.0
2017-03-12 05:14:31, -11.5, 38.1, 0.0
2017-03-12 05:19:31, -11.6, 38.1, 0.0
2017-03-12 05:24:31, -11.6, 38.3, 0.0
2017-03-12 05:29:31, -11.7, 38.4, 0.0
2017-03-12 05:34:31, -11.7, 38.4, 0.0
2017-03-12 05:39:31, -11.7, 38.5, 0.0
2017-03-12 05:44:31, -11.8, 38.5, 0.0
2017-03-12 05:49:31, -11.8, 38.6, 0.0
2017-03-12 05:54:31, -11.8, 38.5, 0.0
2017-03-12 05:59:31, -11.9, 38.5, 0.0
2017-03-12 06:04:31, -11.9, 38.5, 0.0
2017-03-12 06:09:31, -12.0, 38.6, 0.0
2017-03-12 06:14:31, -12.0, 38.6, 0.0
2017-03-12 06:19:31, -12.1, 38.6, 0.0
2017-03-12 06:24:31, -12.1, 38.6, 0.0
2017-03-12 06:29:31, -12.2, 38.7, 0.0
2017-03-12 06:34:31, -12.2, 38.7, 0.0
2017-03-12 06:39:31, -12.2, 38.7, 0.0
2017-03-12 06:44:31, -12.3, 38.7, 0.0
2017-03-12 06:49:31, -12.3, 38.7, 0.0
2017-03-12 06:54:31, -12.4, 38.7, 0.0
2017-03-12 06:59:31, -12.4, 38.7, 0.0
2017-03-12 07:04:31, -12.4, 38.7, 0.0
2017-03-12 07:09:31, -12.4, 38.7, 0.0
2017-03-12 07:14:31, -12.4, 38.6, 0.0
2017-03-12 07:19:31, -12.4, 38.5, 0.0
2017-03-12 07:24:31, -12.4, 38.5, 0.0
2017-03-12 07:29:31, -12.4, 38.6, 0.0
2017-03-12 07:34:31, -12.4, 38.5, 0.0
2017-03-12 07:39:31, -12.3, 38.5, 0.0
2017-03-12 07:44:31, -12.2, 38.4, 0.0
2017-03-12 07:49:31, -12.2, 38.2, 0.0
2017-03-12 07:54:31, -12.1, 38.2, 0.0
2017-03-12 07:59:31, -12.0, 38.1, 0.0
2017-03-12 08:04:31, -11.9, 38.0, 0.0
2017-03-12 08:09:31, -11.7, 37.8, 0.0
2017-03-12 08:14:31, -11.6, 37.5, 0.0
2017-03-12 08:19:31, -11.4, 37.4, 0.0
2017-03-12 08:24:31, -11.2, 37.1, 0.0
2017-03-12 08:29:31, -11.0, 36.8, 0.0
2017-03-12 08:34:31, -10.7, 36.5, 0.0
2017-03-12 08:39:31, -10.5, 36.2, 0.0
2017-03-12 08:44:31, -10.3, 36.0, 0.0
2017-03-12 08:49:31, -10.1, 35.8, 0.0
2017-03-12 08:54:31, -9.9, 35.5, 0.0
2017-03-12 08:59:31, -9.7, 35.3, 0.0
2017-03-12 09:04:31, -9.6, 35.2, 0.0
2017-03-12 09:09:31, -9.4, 35.0, 0.0
2017-03-12 09:14:31, -9.2, 34.9, 0.0
2017-03-12 09:19:31, -9.0, 34.8, 0.0
2017-03-12 09:24:31, -8.9, 34.7, 0.0
2017-03-12 09:29:31, -8.7, 34.7, 0.0
2017-03-12 09:34:31, -8.4, 34.5, 0.0
2017-03-12 09:39:31, -8.2, 34.4, 0.0
2017-03-12 09:44:31, -8.0, 34.3, 0.0
2017-03-12 09:49:31, -7.7, 34.1, 0.0
2017-03-12 09:54:31, -7.5, 34.0, 0.0
2017-03-12 09:59:31, -7.2, 34.1, 0.0
2017-03-12 10:04:31, -7.0, 34.0, 0.0
2017-03-12 10:09:31, -6.7, 33.9, 0.0
2017-03-12 10:14:31, -6.4, 33.9, 0.0
2017-03-12 10:19:31, -6.2, 33.9, 0.0
2017-03-12 10:24:31, -5.9, 33.6, 0.0
2017-03-12 10:29:31, -5.7, 33.6, 0.0
2017-03-12 10:34:31, -5.4, 33.5, 0.0
2017-03-12 10:39:31, -5.1, 33.5, 0.0
2017-03-12 10:44:31, -4.8, 33.5, 0.0
2017-03-12 10:49:31, -4.6, 33.3, 0.0
2017-03-12 10:54:31, -4.3, 33.1, 0.0
2017-03-12 10:59:31, -4.0, 33.1, 0.0
2017-03-12 11:04:31, -3.7, 33.2, 0.0
2017-03-12 11:09:31, -3.4, 32.9, 0.0
2017-03-12 11:14:31, -3.0, 32.6, 0.0
2017-03-12 11:19:31, -2.7, 32.6, 0.0
2017-03-12 11:24:31, -2.3, 32.5, 0.0
2017-03-12 11:29:31, -2.0, 32.1, 0.0
2017-03-12 11:34:32, -1.6, 32.0, 0.0
2017-03-12 11:39:32, -1.2, 32.1, 0.0
2017-03-12 11:44:33, -0.8, 31.8, 0.0
2017-03-12 11:49:33, -0.5, 31.9, 0.0
2017-03-12 11:54:33, -0.2, 31.7, 0.0
2017-03-12 11:59:33, 0.1, 31.3, 0.0
2017-03-12 12:04:33, 0.4, 31.2, 0.0
2017-03-12 12:09:33, 0.6, 30.9, 0.0
2017-03-12 12:14:33, 1.0, 30.8, 0.0
2017-03-12 12:19:33, 1.2, 31.1, 0.0
2017-03-12 12:24:33, 1.6, 30.9, 0.0
2017-03-12 12:29:33, 1.9, 30.5, 0.0
2017-03-12 12:34:33, 2.2, 30.7, 0.0
2017-03-12 12:39:33, 2.5, 30.9, 0.0
2017-03-12 12:44:33, 2.9, 31.2, 0.0
2017-03-12 12:49:33, 3.3, 31.3, 0.0
2017-03-12 12:54:33, 3.7, 31.3, 0.0
2017-03-12 12:59:33, 4.1, 31.3, 0.0
2017-03-12 13:04:33, 4.5, 31.5, 0.0
2017-03-12 13:09:33, 4.8, 31.1, 0.0
2017-03-12 13:14:33, 5.2, 31.3, 0.0
2017-03-12 13:19:33, 5.5, 31.0, 0.0
2017-03-12 13:24:33, 6.1, 30.9, 0.0
2017-03-12 13:29:33, 6.9, 30.3, 0.0
2017-03-12 13:34:33, 7.8, 29.8, 0.0
2017-03-12 13:39:33, 8.1, 28.8, 0.0
2017-03-12 13:44:33, 8.5, 28.9, 0.0
2017-03-12 13:49:33, 9.0, 28.7, 0.0
2017-03-12 13:54:33, 9.4, 28.5, 0.0
2017-03-12 13:59:33, 10.0, 28.1, 0.0
2017-03-12 14:04:33, 11.2, 27.1, 0.0
2017-03-12 14:09:33, 11.9, 26.2, 0.0
2017-03-12 14:14:33, 12.2, 26.0, 0.0
2017-03-12 14:19:33, 12.5, 25.5, 0.0
2017-03-12 14:24:33, 12.5, 25.4, 0.0
2017-03-12 14:29:33, 12.5, 25.2, 0.0
2017-03-12 14:34:33, 12.8, 24.9, 0.0
2017-03-12 14:39:33, 12.5, 25.1, 0.0
2017-03-12 14:44:33, 11.9, 25.3, 0.0
2017-03-12 14:49:33, 11.6, 25.2, 0.0
2017-03-12 14:54:33, 11.1, 26.1, 0.0
2017-03-12 14:59:33, 11.1, 25.6, 0.0
2017-03-12 15:04:33, 11.0, 25.2, 0.0
2017-03-12 15:09:33, 11.0, 24.5, 0.0
2017-03-12 15:14:33, 11.0, 24.3, 0.0
2017-03-12 15:19:33, 11.1, 24.1, 0.0
2017-03-12 15:24:33, 11.9, 23.2, 0.0
2017-03-12 15:29:33, 11.7, 23.5, 0.0
2017-03-12 15:34:33, 12.7, 22.6, 0.0
2017-03-12 15:39:33, 15.0, 20.5, 0.0
2017-03-12 15:44:33, 15.6, 20.2, 0.0
2017-03-12 15:49:33, 17.1, 19.1, 0.0
2017-03-12 15:54:33, 17.5, 18.5, 0.0
2017-03-12 15:59:33, 17.6, 18.2, 0.0
2017-03-12 16:04:33, 17.9, 17.9, 0.0
2017-03-12 16:09:33, 16.5, 18.7, 0.0
2017-03-12 16:14:33, 15.6, 19.3, 0.0
2017-03-12 16:19:33, 16.6, 19.0, 0.0
2017-03-12 16:24:33, 16.0, 18.7, 0.0
2017-03-12 16:29:33, 13.9, 20.6, 0.0
2017-03-12 16:34:33, 12.9, 21.0, 0.0
2017-03-12 16:39:33, 12.0, 21.9, 0.0
2017-03-12 16:44:33, 11.0, 22.1, 0.0
2017-03-12 16:49:33, 9.6, 23.3, 0.0
2017-03-12 16:54:33, 9.1, 24.2, 0.0
2017-03-12 16:59:33, 9.2, 24.0, 0.0
2017-03-12 17:04:33, 9.8, 22.9, 0.0
2017-03-12 17:09:33, 9.9, 22.8, 0.0
2017-03-12 17:14:33, 9.4, 23.1, 0.0
2017-03-12 17:19:33, 9.1, 23.1, 0.0
2017-03-12 17:24:33, 8.9, 23.3, 0.0
2017-03-12 17:29:33, 8.1, 23.9, 0.0
2017-03-12 17:34:33, 8.6, 23.4, 0.0
2017-03-12 17:39:33, 8.5, 23.8, 0.0
2017-03-12 17:44:33, 7.9, 23.7, 0.0
2017-03-12 17:49:33, 7.0, 24.6, 0.0
2017-03-12 17:54:33, 5.9, 25.8, 0.0
2017-03-12 17:59:33, 5.0, 26.2, 0.0
2017-03-12 18:04:33, 4.2, 26.9, 0.0
2017-03-12 18:09:33, 3.8, 27.4, 0.0
2017-03-12 18:14:33, 3.2, 27.8, 0.0
2017-03-12 18:19:33, 2.7, 28.0, 0.0
2017-03-12 18:24:33, 2.3, 28.4, 0.0
2017-03-12 18:29:33, 2.0, 28.5, 0.0
2017-03-12 18:34:33, 1.6, 28.9, 0.0
2017-03-12 18:39:33, 1.2, 29.2, 0.0
2017-03-12 18:44:33, 0.9, 29.4, 0.0
2017-03-12 18:49:33, 0.7, 29.5, 0.0
2017-03-12 18:54:33, 0.4, 29.7, 0.0
2017-03-12 18:59:33, 0.1, 29.7, 0.0
2017-03-12 19:04:33, 0.0, 29.8, 0.0
2017-03-12 19:09:33, -0.3, 29.9, 0.0
2017-03-12 19:14:33, -0.5, 29.9, 0.0
2017-03-12 19:19:33, -0.7, 30.5, 0.0
2017-03-12 19:24:33, -0.8, 30.7, 0.0
2017-03-12 19:29:33, -1.0, 30.8, 0.0
2017-03-12 19:34:33, -1.2, 30.9, 0.0
2017-03-12 19:39:33, -1.3, 30.9, 0.0
2017-03-12 19:44:33, -1.5, 30.9, 0.0
2017-03-12 19:49:33, -1.7, 31.0, 0.0
2017-03-12 19:54:33, -1.9, 31.1, 0.0
2017-03-12 19:59:33, -2.0, 31.1, 0.0
2017-03-12 20:04:33, -2.2, 31.3, 0.0
2017-03-12 20:09:33, -2.3, 31.4, 0.0
2017-03-12 20:14:33, -2.4, 31.4, 0.0
2017-03-12 20:19:33, -2.6, 31.5, 0.0
2017-03-12 20:24:33, -2.7, 31.6, 0.0
2017-03-12 20:29:33, -2.8, 31.7, 0.0
2017-03-12 20:34:33, -2.9, 31.8, 0.0
2017-03-12 20:39:33, -3.0, 31.9, 0.0
2017-03-12 20:44:33, -3.2, 32.0, 0.0
2017-03-12 20:49:33, -3.3, 32.1, 0.0
2017-03-12 20:54:33, -3.4, 32.1, 0.0
2017-03-12 20:59:33, -3.5, 32.2, 0.0
2017-03-12 21:04:33, -3.6, 32.3, 0.0
2017-03-12 21:09:33, -3.7, 32.4, 0.0
2017-03-12 21:14:33, -3.9, 32.6, 0.0
2017-03-12 21:19:33, -3.9, 32.6, 0.0
2017-03-12 21:24:33, -4.0, 32.6, 0.0
2017-03-12 21:29:33, -4.1, 32.7, 0.0
2017-03-12 21:34:33, -4.2, 32.7, 0.0
2017-03-12 21:39:33, -4.3, 32.7, 0.0
2017-03-12 21:44:33, -4.4, 32.8, 0.0
2017-03-12 21:49:33, -4.5, 33.0, 0.0
2017-03-12 21:54:33, -4.6, 33.1, 0.0
2017-03-12 21:59:33, -4.7, 33.1, 0.0
2017-03-12 22:04:33, -4.8, 33.2, 0.0
2017-03-12 22:09:33, -4.8, 33.3, 0.0
2017-03-12 22:14:33, -4.9, 33.3, 0.0
2017-03-12 22:19:33, -5.0, 33.3, 0.0
2017-03-12 22:24:33, -5.1, 33.3, 0.0
2017-03-12 22:29:34, -5.2, 33.5, 0.0
2017-03-12 22:34:34, -5.3, 33.7, 0.0
2017-03-12 22:39:35, -5.3, 33.7, 0.0
2017-03-12 22:44:35, -5.4, 33.7, 0.0
2017-03-12 22:49:35, -5.5, 33.7, 0.0
2017-03-12 22:54:35, -5.6, 33.7, 0.0
2017-03-12 22:59:35, -5.7, 33.8, 0.0
2017-03-12 23:04:35, -5.7, 33.8, 0.0
2017-03-12 23:09:35, -5.8, 33.9, 0.0
2017-03-12 23:14:35, -5.9, 33.9, 0.0
2017-03-12 23:19:35, -5.9, 33.9, 0.0
2017-03-12 23:24:35, -6.0, 34.0, 0.0
2017-03-12 23:29:35, -6.1, 34.0, 0.0
2017-03-12 23:34:35, -6.1, 34.1, 0.0
2017-03-12 23:39:35, -6.2, 34.1, 0.0
2017-03-12 23:44:35, -6.3, 34.2, 0.0
2017-03-12 23:49:35, -6.4, 34.2, 0.0
2017-03-12 23:54:35, -6.4, 34.2, 0.0
2017-03-12 23:59:35, -6.5, 34.3, 0.0
2017-03-13 00:04:35, -6.6, 34.4, 0.0
2017-03-13 00:09:35, -6.7, 34.5, 0.0
2017-03-13 00:14:35, -6.7, 34.7, 0.0
2017-03-13 00:19:35, -6.8, 34.8, 0.0
2017-03-13 00:24:35, -6.8, 34.8, 0.0
2017-03-13 00:29:35, -6.9, 34.8, 0.0
2017-03-13 00:34:35, -6.9, 34.8, 0.0
2017-03-13 00:39:35, -7.0, 34.8, 0.0
2017-03-13 00:44:35, -7.0, 34.7, 0.0
2017-03-13 00:49:35, -7.1, 34.8, 0.0
2017-03-13 00:54:35, -7.2, 34.8, 0.0
2017-03-13 00:59:35, -7.2, 34.8, 0.0
2017-03-13 01:04:35, -7.3, 34.9, 0.0
2017-03-13 01:09:35, -7.3, 34.9, 0.0
2017-03-13 01:14:35, -7.4, 34.9, 0.0
2017-03-13 01:19:35, -7.5, 35.0, 0.0
2017-03-13 01:24:35, -7.5, 35.1, 0.0
2017-03-13 01:29:35, -7.6, 35.0, 0.0
2017-03-13 01:34:35, -7.7, 35.0, 0.0
2017-03-13 01:39:35, -7.7, 35.1, 0.0
2017-03-13 01:44:35, -7.8, 35.2, 0.0
2017-03-13 01:49:35, -7.8, 35.2, 0.0
2017-03-13 01:54:35, -7.9, 35.2, 0.0
2017-03-13 01:59:35, -7.9, 35.2, 0.0
2017-03-13 02:04:35, -8.0, 35.1, 0.0
2017-03-13 02:09:35, -8.1, 35.2, 0.0
2017-03-13 02:14:35, -8.1, 35.2, 0.0
2017-03-13 02:19:35, -8.2, 35.3, 0.0
2017-03-13 02:24:35, -8.3, 35.3, 0.0
2017-03-13 02:29:35, -8.3, 35.3, 0.0
2017-03-13 02:34:35, -8.4, 35.3, 0.0
2017-03-13 02:39:35, -8.4, 35.3, 0.0
2017-03-13 02:44:35, -8.5, 35.3, 0.0
2017-03-13 02:49:35, -8.5, 35.3, 0.0
2017-03-13 02:54:35, -8.6, 35.3, 0.0
2017-03-13 02:59:35, -8.7, 35.3, 0.0
2017-03-13 03:04:35, -8.7, 35.5, 0.0
2017-03-13 03:09:35, -8.8, 35.4, 0.0
2017-03-13 03:14:35, -8.9, 35.6, 0.0
2017-03-13 03:19:35, -8.9, 35.6, 0.0
2017-03-13 03:24:35, -9.0, 35.7, 0.0
2017-03-13 03:29:35, -9.0, 35.6, 0.0
2017-03-13 03:34:35, -9.1, 35.7, 0.0
2017-03-13 03:39:35, -9.1, 35.6, 0.0
2017-03-13 03:44:35, -9.2, 35.6, 0.0
2017-03-13 03:49:35, -9.2, 35.7, 0.0
2017-03-13 03:54:35, -9.3, 35.7, 0.0
2017-03-13 03:59:35, -9.3, 35.9, 0.0
2017-03-13 04:04:35, -9.4, 35.8, 0.0
2017-03-13 04:09:35, -9.4, 35.8, 0.0
2017-03-13 04:14:35, -9.5, 35.8, 0.0
2017-03-13 04:19:35, -9.5, 35.9, 0.0
2017-03-13 04:24:35, -9.6, 36.0, 0.0
2017-03-13 04:29:35, -9.6, 36.0, 0.0
2017-03-13 04:34:35, -9.7, 36.0, 0.0
2017-03-13 04:39:35, -9.7, 36.2, 0.0
2017-03-13 04:44:35, -9.7, 36.1, 0.0
2017-03-13 04:49:35, -9.8, 36.2, 0.0
2017-03-13 04:54:35, -9.8, 36.3, 0.0
2017-03-13 04:59:35, -9.8, 36.5, 0.0
2017-03-13 05:04:35, -9.9, 36.5, 0.0
2017-03-13 05:09:35, -9.9, 36.6, 0.0
2017-03-13 05:14:35, -9.9, 36.8, 0.0
2017-03-13 05:19:35, -10.0, 36.8, 0.0
2017-03-13 05:24:35, -10.0, 36.9, 0.0
2017-03-13 05:29:35, -10.0, 37.0, 0.0
2017-03-13 05:34:35, -10.1, 37.0, 0.0
2017-03-13 05:39:35, -10.1, 37.0, 0.0
2017-03-13 05:44:35, -10.1, 37.1, 0.0
2017-03-13 05:49:35, -10.1, 37.2, 0.0
2017-03-13 05:54:35, -10.2, 37.4, 0.0
2017-03-13 05:59:35, -10.2, 37.3, 0.0
2017-03-13 06:04:35, -10.2, 37.5, 0.0
2017-03-13 06:09:35, -10.2, 37.7, 0.0
2017-03-13 06:14:35, -10.2, 37.7, 0.0
2017-03-13 06:19:35, -10.3, 37.9, 0.0
2017-03-13 06:24:35, -10.3, 37.8, 0.0
2017-03-13 06:29:35, -10.3, 37.7, 0.0
2017-03-13 06:34:35, -10.3, 37.7, 0.0
2017-03-13 06:39:35, -10.3, 37.6, 0.0
2017-03-13 06:44:35, -10.3, 37.5, 0.0
2017-03-13 06:49:35, -10.4, 37.7, 0.0
2017-03-13 06:54:35, -10.4, 37.7, 0.0
2017-03-13 06:59:35, -10.4, 37.5, 0.0
2017-03-13 07:04:35, -10.4, 37.7, 0.0
2017-03-13 07:09:35, -10.3, 37.7, 0.0
2017-03-13 07:14:35, -10.3, 37.7, 0.0
2017-03-13 07:19:35, -10.3, 37.6, 0.0
2017-03-13 07:24:35, -10.3, 37.6, 0.0
2017-03-13 07:29:35, -10.2, 37.8, 0.0
2017-03-13 07:34:35, -10.2, 37.8, 0.0
2017-03-13 07:39:35, -10.1, 37.7, 0.0
2017-03-13 07:44:35, -10.0, 37.9, 0.0
2017-03-13 07:49:35, -9.9, 37.6, 0.0
2017-03-13 07:54:35, -9.8, 37.5, 0.0
2017-03-13 07:59:35, -9.7, 37.4, 0.0
2017-03-13 08:04:35, -9.6, 37.2, 0.0
2017-03-13 08:09:35, -9.4, 37.1, 0.0
2017-03-13 08:14:35, -9.2, 37.1, 0.0
2017-03-13 08:19:35, -9.1, 36.8, 0.0
2017-03-13 08:24:35, -8.8, 36.4, 0.0
2017-03-13 08:29:35, -8.6, 35.9, 0.0
2017-03-13 08:34:35, -8.4, 35.8, 0.0
2017-03-13 08:39:35, -8.2, 35.6, 0.0
2017-03-13 08:44:35, -8.0, 35.4, 0.0
2017-03-13 08:49:35, -7.9, 35.2, 0.0
2017-03-13 08:54:35, -7.7, 35.3, 0.0
2017-03-13 08:59:35, -7.5, 35.2, 0.0
2017-03-13 09:04:35, -7.4, 35.2, 0.0
2017-03-13 09:09:35, -7.2, 35.0, 0.0
2017-03-13 09:14:35, -7.0, 35.0, 0.0
2017-03-13 09:19:36, -6.8, 35.1, 0.0
2017-03-13 09:24:36, -6.6, 34.8, 0.0
2017-03-13 09:29:37, -6.4, 34.9, 0.0
2017-03-13 09:34:37, -6.2, 34.6, 0.0
2017-03-13 09:39:37, -6.0, 34.7, 0.0
2017-03-13 09:44:37, -5.7, 34.5, 0.0
2017-03-13 09:49:37, -5.5, 34.5, 0.0
2017-03-13 09:54:37, -5.2, 34.5, 0.0
2017-03-13 09:59:37, -5.0, 34.3, 0.0
2017-03-13 10:04:37, -4.7, 34.3, 0.0
2017-03-13 10:09:37, -4.4, 34.3, 0.0
2017-03-13 10:14:37, -4.1, 34.3, 0.0
2017-03-13 10:19:37, -3.8, 34.0, 0.0
2017-03-13 10:24:37, -3.6, 33.9, 0.0
2017-03-13 10:29:37, -3.3, 33.9, 0.0
2017-03-13 10:34:37, -3.0, 33.8, 0.0
2017-03-13 10:39:37, -2.7, 33.6, 0.0
2017-03-13 10:44:37, -2.4, 33.6, 0.0
2017-03-13 10:49:37, -2.1, 33.5, 0.0
2017-03-13 10:54:37, -1.8, 33.3, 0.0
2017-03-13 10:59:37, -1.5, 33.3, 0.0
2017-03-13 11:04:37, -1.2, 33.1, 0.0
2017-03-13 11:09:37, -0.8, 33.2, 0.0
2017-03-13 11:14:37, -0.5, 32.9, 0.0
2017-03-13 11:19:37, -0.1, 33.2, 0.0
2017-03-13 11:24:37, 0.2, 32.8, 0.0
2017-03-13 11:29:37, 0.5, 32.8, 0.0
2017-03-13 11:34:37, 0.9, 32.6, 0.0
2017-03-13 11:39:37, 1.2, 32.2, 0.0
2017-03-13 11:44:37, 1.5, 32.1, 0.0
2017-03-13 11:49:37, 1.9, 32.2, 0.0
2017-03-13 11:54:37, 2.2, 31.8, 0.0
2017-03-13 11:59:37, 2.5, 31.8, 0.0
2017-03-13 12:04:37, 2.8, 31.7, 0.0
2017-03-13 12:09:37, 3.1, 31.7, 0.0
2017-03-13 12:14:37, 3.4, 31.7, 0.0
2017-03-13 12:19:37, 3.8, 31.6, 0.0
2017-03-13 12:24:37, 4.0, 31.4, 0.0
2017-03-13 12:29:37, 4.3, 31.3, 0.0
2017-03-13 12:34:37, 4.6, 31.6, 0.0
2017-03-13 12:39:37, 4.9, 31.7, 0.0
2017-03-13 12:44:37, 5.3, 31.6, 0.0
2017-03-13 12:49:37, 5.6, 31.6, 0.0
2017-03-13 12:54:37, 5.9, 31.7, 0.0
2017-03-13 12:59:37, 6.2, 31.7, 0.0
2017-03-13 13:04:37, 6.6, 31.8, 0.0
2017-03-13 13:09:37, 7.0, 31.8, 0.0
2017-03-13 13:14:37, 7.3, 31.8, 0.0
2017-03-13 13:19:37, 7.7, 32.0, 0.0
2017-03-13 13:24:37, 8.3, 31.8, 0.0
2017-03-13 13:29:37, 9.2, 31.1, 0.0
2017-03-13 13:34:37, 10.0, 30.2, 0.0
2017-03-13 13:39:37, 10.4, 30.0, 0.0
2017-03-13 13:44:37, 11.0, 29.8, 0.0
2017-03-13 13:49:37, 11.5, 29.3, 0.0
2017-03-13 13:54:37, 11.9, 29.0, 0.0
2017-03-13 13:59:37, 12.3, 28.7, 0.0
2017-03-13 14:04:37, 12.5, 28.5, 0.0
2017-03-13 14:09:37, 12.8, 28.0, 0.0
2017-03-13 14:14:37, 14.3, 26.2, 0.0
2017-03-13 14:19:37, 14.5, 25.8, 0.0
2017-03-13 14:24:37, 14.7, 25.4, 0.0
2017-03-13 14:29:37, 15.9, 24.5, 0.0
2017-03-13 14:34:37, 16.3, 23.8, 0.0
2017-03-13 14:39:37, 15.6, 24.1, 0.0
2017-03-13 14:44:37, 14.9, 25.1, 0.0
2017-03-13 14:49:37, 14.2, 25.5, 0.0
2017-03-13 14:54:37, 14.8, 25.7, 0.0
2017-03-13 14:59:37, 16.3, 23.9, 0.0
2017-03-13 15:04:37, 16.3, 23.6, 0.0
2017-03-13 15:09:37, 16.7, 23.4, 0.0
2017-03-13 15:14:37, 16.6, 23.1, 0.0
2017-03-13 15:19:37, 16.2, 23.4, 0.0
2017-03-13 15:24:37, 16.7, 23.1, 0.0
2017-03-13 15:29:37, 16.0, 23.3, 0.0
2017-03-13 15:34:37, 17.3, 22.4, 0.0
2017-03-13 15:39:37, 18.6, 20.6, 0.0
2017-03-13 15:44:37, 18.4, 21.1, 0.0
2017-03-13 15:49:37, 19.3, 20.5, 0.0
2017-03-13 15:54:37, 20.1, 19.8, 0.0
2017-03-13 15:59:37, 21.3, 19.2, 0.0
2017-03-13 16:04:37, 21.8, 19.0, 0.0
2017-03-13 16:09:37, 21.6, 18.7, 0.0
2017-03-13 16:14:37, 20.9, 19.1, 0.0
2017-03-13 16:19:37, 21.2, 18.9, 0.0
2017-03-13 16:24:37, 22.0, 18.4, 0.0
2017-03-13 16:29:37, 20.3, 19.6, 0.0
2017-03-13 16:34:37, 19.4, 20.1, 0.0
2017-03-13 16:39:37, 18.4, 20.8, 0.0
2017-03-13 16:44:37, 16.4, 22.1, 0.0
2017-03-13 16:49:37, 14.9, 23.5, 0.0
2017-03-13 16:54:37, 14.4, 24.3, 0.0
2017-03-13 16:59:37, 14.8, 23.8, 0.0
2017-03-13 17:04:37, 14.4, 23.9, 0.0
2017-03-13 17:09:37, 13.7, 24.6, 0.0
2017-03-13 17:14:37, 13.6, 24.9, 0.0
2017-03-13 17:19:37, 14.2, 24.0, 0.0
2017-03-13 17:24:37, 14.8, 23.4, 0.0
2017-03-13 17:29:37, 15.0, 23.0, 0.0
2017-03-13 17:34:37, 14.6, 23.4, 0.0
2017-03-13 17:39:37, 13.7, 24.0, 0.0
2017-03-13 17:44:37, 12.6, 25.1, 0.0
2017-03-13 17:49:37, 11.6, 26.2, 0.0
2017-03-13 17:54:37, 10.9, 27.1, 0.0
2017-03-13 17:59:37, 10.2, 27.6, 0.0
2017-03-13 18:04:37, 9.6, 28.3, 0.0
2017-03-13 18:09:37, 9.0, 29.1, 0.0
2017-03-13 18:14:37, 8.6, 29.5, 0.0
2017-03-13 18:19:37, 8.2, 29.9, 0.0
2017-03-13 18:24:37, 7.8, 30.2, 0.0
2017-03-13 18:29:37, 7.4, 30.4, 0.0
2017-03-13 18:34:37, 7.0, 30.8, 0.0
2017-03-13 18:39:37, 6.7, 31.0, 0.0
2017-03-13 18:44:37, 6.3, 31.3, 0.0
2017-03-13 18:49:37, 6.0, 31.5, 0.0
2017-03-13 18:54:37, 5.7, 31.6, 0.0
2017-03-13 18:59:37, 5.4, 31.8, 0.0
2017-03-13 19:04:37, 5.1, 32.0, 0.0
2017-03-13 19:09:37, 4.9, 32.1, 0.0
2017-03-13 19:14:37, 4.7, 32.2, 0.0
2017-03-13 19:19:37, 4.5, 32.3, 0.0
2017-03-13 19:24:37, 4.2, 32.6, 0.0
2017-03-13 19:29:37, 4.1, 34.2, 0.0
2017-03-13 19:34:37, 3.8, 34.1, 0.0
2017-03-13 19:39:37, 3.6, 33.9, 0.0
2017-03-13 19:44:37, 3.5, 33.7, 0.0
2017-03-13 19:49:37, 3.3, 33.6, 0.0
2017-03-13 19:54:37, 3.1, 33.6, 0.0
2017-03-13 19:59:37, 2.9, 33.6, 0.0
2017-03-13 20:04:37, 2.8, 33.6, 0.0
2017-03-13 20:09:38, 2.6, 33.5, 0.0
2017-03-13 20:14:38, 2.5, 33.5, 0.0
2017-03-13 20:19:39, 2.3, 33.6, 0.0
2017-03-13 20:24:39, 2.2, 33.6, 0.0
2017-03-13 20:29:39, 2.0, 33.6, 0.0
2017-03-13 20:34:39, 1.9, 33.7, 0.0
2017-03-13 20:39:39, 1.8, 33.7, 0.0
2017-03-13 20:44:39, 1.6, 33.8, 0.0
2017-03-13 20:49:39, 1.5, 33.8, 0.0
2017-03-13 20:54:39, 1.3, 33.9, 0.0
2017-03-13 20:59:39, 1.2, 34.0, 0.0
2017-03-13 21:04:39, 1.0, 34.0, 0.0
2017-03-13 21:09:39, 0.9, 34.1, 0.0
2017-03-13 21:14:39, 0.8, 34.2, 0.0
2017-03-13 21:19:39, 0.7, 34.3, 0.0
2017-03-13 21:24:39, 0.5, 34.4, 0.0
2017-03-13 21:29:39, 0.4, 34.5, 0.0
2017-03-13 21:34:39, 0.3, 34.6, 0.0
2017-03-13 21:39:39, 0.2, 34.6, 0.0
2017-03-13 21:44:39, 0.1, 34.7, 0.0
2017-03-13 21:49:39, 0.0, 34.7, 0.0
2017-03-13 21:54:39, 0.0, 34.8, 0.0
2017-03-13 21:59:39, -0.1, 34.8, 0.0
2017-03-13 22:04:39, -0.2, 34.9, 0.0
2017-03-13 22:09:39, -0.3, 34.9, 0.0
2017-03-13 22:14:39, -0.4, 35.0, 0.0
2017-03-13 22:19:39, -0.4, 35.1, 0.0
2017-03-13 22:24:39, -0.5, 35.1, 0.0
2017-03-13 22:29:39, -0.6, 35.1, 0.0
2017-03-13 22:34:39, -0.7, 35.2, 0.0
2017-03-13 22:39:39, -0.7, 35.2, 0.0
2017-03-13 22:44:39, -0.8, 35.3, 0.0
2017-03-13 22:49:39, -0.9, 35.3, 0.0
2017-03-13 22:54:39, -0.9, 35.4, 0.0
2017-03-13 22:59:39, -1.0, 35.4, 0.0
2017-03-13 23:04:39, -1.1, 35.5, 0.0
2017-03-13 23:09:39, -1.1, 35.6, 0.0
2017-03-13 23:14:39, -1.2, 35.6, 0.0
2017-03-13 23:19:39, -1.2, 35.7, 0.0
2017-03-13 23:24:39, -1.2, 35.7, 0.0
2017-03-13 23:29:39, -1.3, 35.7, 0.0
2017-03-13 23:34:39, -1.4, 35.8, 0.0
2017-03-13 23:39:39, -1.4, 35.9, 0.0
2017-03-13 23:44:39, -1.5, 36.0, 0.0
2017-03-13 23:49:39, -1.5, 36.0, 0.0
2017-03-13 23:54:39, -1.5, 36.0, 0.0
2017-03-13 23:59:39, -1.6, 36.1, 0.0
2017-03-14 00:04:39, -1.6, 36.1, 0.0
2017-03-14 00:09:39, -1.7, 36.2, 0.0
2017-03-14 00:14:39, -1.7, 36.2, 0.0
2017-03-14 00:19:39, -1.7, 36.3, 0.0
2017-03-14 00:24:39, -1.7, 36.4, 0.0
2017-03-14 00:29:39, -1.7, 36.4, 0.0
2017-03-14 00:34:39, -1.7, 36.5, 0.0
2017-03-14 00:39:39, -1.7, 36.5, 0.0
2017-03-14 00:44:39, -1.8, 36.6, 0.0
2017-03-14 00:49:39, -1.8, 36.6, 0.0
2017-03-14 00:54:39, -1.8, 36.6, 0.0
2017-03-14 00:59:39, -1.8, 36.7, 0.0
2017-03-14 01:04:39, -1.8, 36.7, 0.0
2017-03-14 01:09:39, -1.8, 36.7, 0.0
2017-03-14 01:14:39, -1.8, 36.7, 0.0
2017-03-14 01:19:39, -1.7, 36.7, 0.0
2017-03-14 01:24:39, -1.7, 36.8, 0.0
2017-03-14 01:29:39, -1.7, 36.8, 0.0
2017-03-14 01:34:39, -1.7, 36.9, 0.0
2017-03-14 01:39:39, -1.7, 36.9, 0.0
2017-03-14 01:44:39, -1.7, 36.9, 0.0
2017-03-14 01:49:39, -1.7, 36.9, 0.0
2017-03-14 01:54:39, -1.7, 37.1, 0.0
2017-03-14 01:59:39, -1.7, 37.1, 0.0
2017-03-14 02:04:39, -1.7, 37.0, 0.0
2017-03-14 02:09:39, -1.6, 37.1, 0.0
2017-03-14 02:14:39, -1.6, 37.1, 0.0
2017-03-14 02:19:39, -1.6, 37.1, 0.0
2017-03-14 02:24:39, -1.6, 37.1, 0.0
2017-03-14 02:29:39, -1.6, 37.1, 0.0
2017-03-14 02:34:39, -1.6, 37.4, 0.0
2017-03-14 02:39:39, -1.6, 37.3, 0.0
2017-03-14 02:44:39, -1.6, 37.3, 0.0
2017-03-14 02:49:39, -1.6, 37.3, 0.0
2017-03-14 02:54:39, -1.6, 37.3, 0.0
2017-03-14 02:59:39, -1.6, 37.3, 0.0
2017-03-14 03:04:39, -1.6, 37.4, 0.0
2017-03-14 03:09:39, -1.6, 37.4, 0.0
2017-03-14 03:14:39, -1.6, 37.5, 0.0
2017-03-14 03:19:39, -1.6, 37.5, 0.0
2017-03-14 03:24:39, -1.5, 37.5, 0.0
2017-03-14 03:29:39, -1.5, 37.6, 0.0
2017-03-14 03:34:39, -1.5, 37.6, 0.0
2017-03-14 03:39:39, -1.5, 37.7, 0.0
2017-03-14 03:44:39, -1.5, 37.8, 0.0
2017-03-14 03:49:39, -1.5, 37.8, 0.0
2017-03-14 03:54:39, -1.5, 37.9, 0.0
2017-03-14 03:59:39, -1.5, 37.9, 0.0
2017-03-14 04:04:39, -1.5, 38.0, 0.0
2017-03-14 04:09:39, -1.5, 38.0, 0.0
2017-03-14 04:14:39, -1.5, 38.0, 0.0
2017-03-14 04:19:39, -1.5, 38.0, 0.0
2017-03-14 04:24:39, -1.5, 38.0, 0.0
2017-03-14 04:29:39, -1.5, 38.1, 0.0
2017-03-14 04:34:39, -1.5, 38.2, 0.0
2017-03-14 04:39:39, -1.5, 38.3, 0.0
2017-03-14 04:44:39, -1.5, 38.4, 0.0
2017-03-14 04:49:39, -1.5, 38.5, 0.0
2017-03-14 04:54:39, -1.5, 38.7, 0.0
2017-03-14 04:59:39, -1.5, 38.9, 0.0
2017-03-14 05:04:39, -1.5, 39.1, 0.0
2017-03-14 05:09:39, -1.5, 39.4, 0.0
2017-03-14 05:14:39, -1.6, 39.6, 0.0
2017-03-14 05:19:39, -1.6, 39.7, 0.0
2017-03-14 05:24:39, -1.6, 40.0, 0.0
2017-03-14 05:29:39, -1.6, 40.2, 0.0
2017-03-14 05:34:39, -1.6, 40.3, 0.0
2017-03-14 05:39:39, -1.6, 40.5, 0.0
2017-03-14 05:44:39, -1.6, 40.7, 0.0
2017-03-14 05:49:39, -1.6, 40.9, 0.0
2017-03-14 05:54:39, -1.6, 40.9, 0.0
2017-03-14 05:59:39, -1.6, 41.1, 0.0
2017-03-14 06:04:39, -1.6, 41.3, 0.0
2017-03-14 06:09:39, -1.6, 41.4, 0.0
2017-03-14 06:14:39, -1.6, 41.5, 0.0
2017-03-14 06:19:39, -1.6, 41.8, 0.0
2017-03-14 06:24:39, -1.6, 42.4, 0.0
2017-03-14 06:29:39, -1.6, 42.1, 0.0
2017-03-14 06:34:39, -1.6, 42.2, 0.0
2017-03-14 06:39:39, -1.6, 42.4, 0.0
2017-03-14 06:44:39, -1.6, 42.5, 0.0
2017-03-14 06:49:39, -1.6, 42.9, 0.0
2017-03-14 06:54:39, -1.5, 43.0, 0.0
2017-03-14 06:59:39, -1.5, 43.1, 0.0
2017-03-14 07:04:40, -1.5, 43.4, 0.0
2017-03-14 07:09:40, -1.5, 43.4, 0.0
2017-03-14 07:14:41, -1.5, 43.6, 0.0
2017-03-14 07:19:41, -1.5, 43.9, 0.0
2017-03-14 07:24:41, -1.4, 43.8, 0.0
2017-03-14 07:29:41, -1.4, 44.0, 0.0
2017-03-14 07:34:41, -1.4, 44.6, 0.0
2017-03-14 07:39:41, -1.3, 44.6, 0.0
2017-03-14 07:44:41, -1.3, 45.0, 0.0
2017-03-14 07:49:41, -1.2, 45.1, 0.0
2017-03-14 07:54:41, -1.2, 45.3, 0.0
2017-03-14 07:59:41, -1.2, 45.4, 0.0
2017-03-14 08:04:41, -1.2, 45.5, 0.0
2017-03-14 08:09:41, -1.1, 45.5, 0.0
2017-03-14 08:14:41, -1.1, 46.0, 0.0
2017-03-14 08:19:41, -1.0, 46.1, 0.0
2017-03-14 08:24:41, -1.0, 46.0, 0.0
2017-03-14 08:29:41, -1.0, 46.7, 0.0
2017-03-14 08:34:41, -0.9, 47.1, 0.0
2017-03-14 08:39:41, -0.9, 46.9, 0.0
2017-03-14 08:44:41, -0.8, 47.4, 0.0
2017-03-14 08:49:41, -0.8, 47.3, 0.0
2017-03-14 08:54:41, -0.7, 47.4, 0.0
2017-03-14 08:59:41, -0.6, 47.8, 0.0
2017-03-14 09:04:41, -0.6, 48.2, 0.0
2017-03-14 09:09:41, -0.5, 48.2, 0.0
2017-03-14 09:14:41, -0.4, 47.9, 0.0
2017-03-14 09:19:41, -0.3, 48.6, 0.0
2017-03-14 09:24:41, -0.2, 48.2, 0.0
2017-03-14 09:29:41, -0.2, 48.9, 0.0
2017-03-14 09:34:41, -0.1, 48.6, 0.0
2017-03-14 09:39:41, 0.0, 49.1, 0.0
2017-03-14 09:44:41, 0.0, 49.5, 0.0
2017-03-14 09:49:41, 0.1, 50.0, 0.0
2017-03-14 09:54:41, 0.2, 51.2, 0.0
2017-03-14 09:59:41, 0.3, 51.5, 0.0
2017-03-14 10:04:41, 0.3, 51.6, 0.0
2017-03-14 10:09:41, 0.4, 51.7, 0.0
2017-03-14 10:14:41, 0.5, 51.6, 0.0
2017-03-14 10:19:41, 0.5, 51.7, 0.0
2017-03-14 10:24:41, 0.6, 51.2, 0.0
2017-03-14 10:29:41, 0.6, 51.4, 0.0
2017-03-14 10:34:41, 0.7, 51.7, 0.0
2017-03-14 10:39:41, 0.7, 51.9, 0.0
2017-03-14 10:44:41, 0.8, 52.0, 0.0
2017-03-14 10:49:41, 0.8, 52.2, 0.0
2017-03-14 10:54:41, 0.8, 52.5, 0.0
2017-03-14 10:59:41, 0.8, 52.4, 0.0
2017-03-14 11:04:41, 0.9, 52.5, 0.0
2017-03-14 11:09:41, 0.9, 55.4, 0.0
2017-03-14 11:14:41, 1.0, 57.9, 0.0
2017-03-14 11:19:41, 1.0, 56.1, 0.0
2017-03-14 11:24:41, 1.0, 56.1, 0.0
2017-03-14 11:29:41, 1.1, 58.7, 0.0
2017-03-14 11:34:41, 1.3, 61.8, 0.0
2017-03-14 11:39:41, 1.4, 60.3, 0.0
2017-03-14 11:44:41, 1.4, 59.2, 0.0
2017-03-14 11:49:41, 1.4, 58.5, 0.0
2017-03-14 11:54:41, 1.5, 59.1, 0.0
2017-03-14 11:59:41, 1.6, 59.5, 0.0
2017-03-14 12:04:41, 1.7, 58.7, 0.0
2017-03-14 12:09:41, 1.7, 58.2, 0.0
2017-03-14 12:14:41, 1.8, 58.2, 0.0
2017-03-14 12:19:41, 1.8, 57.9, 0.0
2017-03-14 12:24:41, 1.8, 57.4, 0.0
2017-03-14 12:29:41, 1.8, 57.4, 0.0
2017-03-14 12:34:41, 2.1, 67.3, 0.0
2017-03-14 12:39:41, 2.2, 66.6, 0.0
2017-03-14 12:44:41, 2.2, 64.5, 0.0
2017-03-14 12:49:41, 2.1, 62.8, 0.0
2017-03-14 12:54:41, 2.1, 62.2, 0.0
2017-03-14 12:59:41, 2.0, 60.9, 0.0
2017-03-14 13:04:41, 2.0, 61.2, 0.0
2017-03-14 13:09:41, 2.0, 60.9, 0.0
2017-03-14 13:14:41, 1.9, 60.6, 0.0
2017-03-14 13:19:41, 1.9, 60.4, 0.0
2017-03-14 13:24:41, 1.9, 59.9, 0.0
2017-03-14 13:29:41, 2.0, 59.9, 0.0
2017-03-14 13:34:41, 2.0, 59.7, 0.0
2017-03-14 13:39:41, 2.0, 59.8, 0.0
2017-03-14 13:44:41, 2.1, 59.2, 0.0
2017-03-14 13:49:41, 2.1, 59.4, 0.0
2017-03-14 13:54:41, 2.1, 60.3, 0.0
2017-03-14 13:59:41, 2.2, 59.9, 0.0
2017-03-14 14:04:41, 2.2, 59.8, 0.0
2017-03-14 14:09:41, 2.2, 59.8, 0.0
2017-03-14 14:14:41, 2.3, 59.7, 0.0
2017-03-14 14:19:41, 2.3, 59.7, 0.0
2017-03-14 14:24:41, 2.3, 59.6, 0.0
2017-03-14 14:29:41, 2.4, 59.5, 0.0
2017-03-14 14:34:41, 2.4, 59.7, 0.0
2017-03-14 14:39:41, 2.4, 59.7, 0.0
2017-03-14 14:44:41, 2.4, 59.8, 0.0
2017-03-14 14:49:41, 2.4, 59.6, 0.0
2017-03-14 14:54:41, 2.5, 59.7, 0.0
2017-03-14 14:59:41, 2.5, 59.5, 0.0
2017-03-14 15:04:41, 2.5, 59.8, 0.0
2017-03-14 15:09:41, 2.6, 59.9, 0.0
2017-03-14 15:14:41, 2.6, 60.2, 0.0
2017-03-14 15:19:41, 2.6, 60.2, 0.0
2017-03-14 15:24:41, 2.6, 60.5, 0.0
2017-03-14 15:29:41, 2.6, 60.4, 0.0
2017-03-14 15:34:41, 2.6, 60.5, 0.0
2017-03-14 15:39:41, 2.6, 60.7, 0.0
2017-03-14 15:44:41, 2.6, 60.5, 0.0
2017-03-14 15:49:41, 2.6, 61.2, 0.0
2017-03-14 15:54:41, 2.6, 61.3, 0.0
2017-03-14 15:59:41, 2.6, 61.5, 0.0
2017-03-14 16:04:41, 2.7, 61.1, 0.0
2017-03-14 16:09:41, 2.8, 60.9, 0.0
2017-03-14 16:14:41, 2.8, 60.5, 0.0
2017-03-14 16:19:41, 2.8, 61.1, 0.0
2017-03-14 16:24:41, 2.7, 61.0, 0.0
2017-03-14 16:29:41, 2.7, 61.0, 0.0
2017-03-14 16:34:41, 2.7, 61.4, 0.0
2017-03-14 16:39:41, 2.8, 61.8, 0.0
2017-03-14 16:44:41, 2.9, 62.0, 0.0
2017-03-14 16:49:41, 2.9, 62.1, 0.0
2017-03-14 16:54:41, 3.0, 62.4, 0.0
2017-03-14 16:59:41, 3.0, 62.6, 0.0
2017-03-14 17:04:41, 3.1, 62.8, 0.0
2017-03-14 17:09:41, 3.3, 62.2, 0.0
2017-03-14 17:14:41, 3.4, 62.0, 0.0
2017-03-14 17:19:41, 3.3, 61.8, 0.0
2017-03-14 17:24:41, 3.3, 62.6, 0.0
2017-03-14 17:29:41, 3.1, 62.8, 0.0
2017-03-14 17:34:41, 3.1, 63.7, 0.0
2017-03-14 17:39:41, 3.1, 64.6, 0.0
2017-03-14 17:44:41, 3.1, 64.0, 0.0
2017-03-14 17:49:41, 3.0, 64.6, 0.0
2017-03-14 17:54:41, 3.0, 64.3, 0.0
2017-03-14 17:59:42, 3.0, 64.4, 0.0
2017-03-14 18:04:42, 2.9, 65.1, 0.0
2017-03-14 18:09:43, 2.9, 65.4, 0.0
2017-03-14 18:14:43, 2.9, 65.3, 0.0
2017-03-14 18:19:43, 2.8, 65.2, 0.0
2017-03-14 18:24:43, 2.8, 64.9, 0.0
2017-03-14 18:29:43, 2.8, 65.0, 0.0
2017-03-14 18:34:43, 2.8, 64.9, 0.0
2017-03-14 18:39:43, 2.8, 64.9, 0.0
2017-03-14 18:44:43, 9.8, 65.5, 0.0
2017-03-14 18:49:43, 15.2, 52.4, 0.0
2017-03-14 18:54:43, 16.9, 49.5, 0.0
2017-03-14 18:59:43, 18.0, 48.6, 0.0
2017-03-14 19:04:43, 19.3, 48.8, 0.0
2017-03-14 19:09:43, 19.9, 45.7, 0.0
2017-03-14 19:14:43, 20.1, 44.8, 0.0
2017-03-14 19:19:43, 20.2, 42.4, 0.0
2017-03-14 19:24:43, 21.1, 40.5, 0.0
2017-03-14 19:29:43, 21.0, 40.1, 0.0
2017-03-14 19:34:43, 20.9, 40.2, 0.0
2017-03-14 19:39:43, 20.9, 39.0, 0.0
2017-03-14 19:44:43, 21.5, 37.2, 0.0
2017-03-14 19:49:43, 21.5, 37.6, 0.0
2017-03-14 19:54:43, 21.3, 37.1, 0.0
2017-03-14 19:59:43, 21.2, 36.5, 0.0
2017-03-14 20:04:43, 21.8, 35.6, 0.0
2017-03-14 20:09:43, 21.7, 35.5, 0.0
2017-03-14 20:14:43, 21.5, 35.4, 0.0
2017-03-14 20:19:43, 21.4, 35.4, 0.0
2017-03-14 20:24:43, 21.6, 34.5, 0.0
2017-03-14 20:29:43, 22.0, 33.7, 0.0
2017-03-14 20:34:43, 22.4, 33.1, 0.0
2017-03-14 20:39:43, 22.1, 33.4, 0.0
2017-03-14 20:44:43, 22.1, 33.1, 0.0
2017-03-14 20:49:43, 22.2, 33.0, 0.0
2017-03-14 20:54:43, 22.0, 33.2, 0.0
2017-03-14 20:59:43, 21.9, 32.9, 0.0
2017-03-14 21:04:43, 21.7, 32.8, 0.0
2017-03-14 21:09:43, 21.6, 32.7, 0.0
2017-03-14 21:14:43, 21.5, 32.6, 0.0
2017-03-14 21:19:43, 21.4, 32.5, 0.0
2017-03-14 21:24:43, 21.3, 32.5, 0.0
2017-03-14 21:29:43, 21.2, 32.4, 0.0
2017-03-14 21:34:43, 21.1, 32.9, 0.0
2017-03-14 21:39:43, 21.3, 32.4, 0.0
2017-03-14 21:44:43, 21.4, 32.6, 0.0
2017-03-14 21:49:43, 21.2, 32.7, 0.0
2017-03-14 21:54:43, 21.1, 32.6, 0.0
2017-03-14 21:59:43, 21.0, 32.5, 0.0
2017-03-14 22:04:43, 21.0, 32.3, 0.0
2017-03-14 22:09:43, 21.3, 31.8, 0.0
2017-03-14 22:14:43, 21.2, 31.8, 0.0
2017-03-14 22:19:43, 21.0, 32.1, 0.0
2017-03-14 22:24:43, 20.9, 32.1, 0.0
2017-03-14 22:29:43, 20.9, 32.1, 0.0
2017-03-14 22:34:43, 20.8, 32.1, 0.0
2017-03-14 22:39:43, 20.7, 32.0, 0.0
2017-03-14 22:44:43, 20.6, 31.9, 0.0
2017-03-14 22:49:43, 20.5, 31.9, 0.0
2017-03-14 22:54:43, 20.4, 31.8, 0.0
2017-03-14 22:59:43, 20.3, 31.9, 0.0
2017-03-14 23:04:43, 20.3, 31.7, 0.0
2017-03-14 23:09:43, 20.1, 31.6, 0.0
2017-03-14 23:14:43, 20.1, 31.8, 0.0
2017-03-14 23:19:43, 20.0, 31.7, 0.0
2017-03-14 23:24:43, 19.9, 31.7, 0.0
2017-03-14 23:29:43, 19.8, 31.7, 0.0
2017-03-14 23:34:43, 19.7, 31.6, 0.0
2017-03-14 23:39:43, 19.6, 31.6, 0.0
2017-03-14 23:44:43, 19.5, 31.4, 0.0
2017-03-14 23:49:43, 19.4, 31.4, 0.0
2017-03-14 23:54:43, 19.4, 31.3, 0.0
2017-03-14 23:59:43, 19.3, 31.3, 0.0
2017-03-15 00:04:43, 19.2, 31.3, 0.0
2017-03-15 00:09:43, 19.1, 31.2, 0.0
2017-03-15 00:14:43, 19.0, 31.2, 0.0
2017-03-15 00:19:43, 19.0, 31.1, 0.0
2017-03-15 00:24:43, 18.9, 31.0, 0.0
2017-03-15 00:29:43, 18.8, 31.1, 0.0
2017-03-15 00:34:43, 18.7, 31.2, 0.0
2017-03-15 00:39:43, 18.7, 31.2, 0.0
2017-03-15 00:44:43, 18.6, 30.7, 0.0
2017-03-15 00:49:43, 18.6, 30.7, 0.0
2017-03-15 00:54:43, 18.5, 30.7, 0.0
2017-03-15 00:59:43, 18.4, 30.7, 0.0
2017-03-15 01:04:43, 18.3, 30.6, 0.0
2017-03-15 01:09:43, 18.3, 30.6, 0.0
2017-03-15 01:14:43, 18.2, 30.6, 0.0
2017-03-15 01:19:43, 18.1, 30.5, 0.0
2017-03-15 01:24:43, 18.1, 30.5, 0.0
2017-03-15 01:29:43, 18.0, 30.4, 0.0
2017-03-15 01:34:43, 17.9, 30.4, 0.0
2017-03-15 01:39:43, 17.9, 30.4, 0.0
2017-03-15 01:44:43, 17.8, 30.3, 0.0
2017-03-15 01:49:43, 17.8, 30.2, 0.0
2017-03-15 01:54:43, 17.7, 30.2, 0.0
2017-03-15 01:59:43, 17.7, 30.0, 0.0
2017-03-15 02:04:43, 17.6, 29.9, 0.0
2017-03-15 02:09:43, 17.5, 29.8, 0.0
2017-03-15 02:14:43, 17.4, 29.8, 0.0
2017-03-15 02:19:43, 17.3, 29.8, 0.0
2017-03-15 02:24:43, 17.3, 29.8, 0.0
2017-03-15 02:29:43, 17.2, 29.7, 0.0
2017-03-15 02:34:43, 17.2, 29.7, 0.0
2017-03-15 02:39:43, 17.1, 29.6, 0.0
2017-03-15 02:44:43, 17.0, 29.6, 0.0
2017-03-15 02:49:43, 16.9, 29.6, 0.0
2017-03-15 02:54:43, 16.9, 29.6, 0.0
2017-03-15 02:59:43, 16.8, 29.6, 0.0
2017-03-15 03:04:43, 16.7, 29.5, 0.0
2017-03-15 03:09:43, 16.7, 29.5, 0.0
2017-03-15 03:14:43, 16.6, 29.5, 0.0
2017-03-15 03:19:43, 16.5, 29.4, 0.0
2017-03-15 03:24:43, 16.5, 29.4, 0.0
2017-03-15 03:29:43, 16.4, 29.3, 0.0
2017-03-15 03:34:43, 16.4, 29.3, 0.0
2017-03-15 03:39:43, 16.4, 29.3, 0.0
2017-03-15 03:44:43, 16.3, 29.2, 0.0
2017-03-15 03:49:43, 16.2, 29.1, 0.0
2017-03-15 03:54:43, 16.1, 29.2, 0.0
2017-03-15 03:59:43, 16.1, 29.1, 0.0
2017-03-15 04:04:43, 16.3, 29.2, 0.0
2017-03-15 04:09:43, 16.3, 29.3, 0.0
2017-03-15 04:14:43, 16.2, 29.3, 0.0
2017-03-15 04:19:43, 16.1, 29.2, 0.0
2017-03-15 04:24:44, 16.0, 29.2, 0.0
2017-03-15 04:29:44, 15.9, 29.1, 0.0
2017-03-15 04:34:45, 16.2, 29.1, 0.0
2017-03-15 04:39:45, 16.3, 29.0, 0.0
2017-03-15 04:44:45, 16.2, 29.1, 0.0
2017-03-15 04:49:45, 16.0, 29.1, 0.0
2017-03-15 04:54:45, 15.9, 29.1, 0.0
2017-03-15 04:59:45, 15.9, 28.9, 0.0
2017-03-15 05:04:45, 16.3, 29.0, 0.0
2017-03-15 05:09:45, 16.2, 29.0, 0.0
2017-03-15 05:14:45, 16.0, 29.0, 0.0
2017-03-15 05:19:45, 15.9, 28.9, 0.0
2017-03-15 05:24:45, 15.8, 28.9, 0.0
2017-03-15 05:29:45, 16.2, 28.9, 0.0
2017-03-15 05:34:45, 16.1, 28.9, 0.0
2017-03-15 05:39:45, 16.0, 28.8, 0.0
2017-03-15 05:44:45, 15.9, 28.7, 0.0
2017-03-15 05:49:45, 15.8, 28.5, 0.0
2017-03-15 05:54:45, 16.2, 28.4, 0.0
2017-03-15 05:59:45, 16.1, 28.7, 0.0
2017-03-15 06:04:45, 15.9, 28.6, 0.0
2017-03-15 06:09:45, 15.8, 28.6, 0.0
2017-03-15 06:14:45, 15.9, 28.4, 0.0
2017-03-15 06:19:45, 16.2, 28.3, 0.0
2017-03-15 06:24:45, 16.4, 28.2, 0.0
2017-03-15 06:29:45, 17.1, 27.7, 0.0
2017-03-15 06:34:45, 17.8, 27.3, 0.0
2017-03-15 06:39:45, 17.8, 27.3, 0.0
2017-03-15 06:44:45, 18.3, 27.0, 0.0
2017-03-15 06:49:45, 18.4, 26.9, 0.0
2017-03-15 06:54:45, 18.8, 26.7, 0.0
2017-03-15 06:59:45, 19.0, 26.6, 0.0
2017-03-15 07:04:45, 19.2, 26.5, 0.0
2017-03-15 07:09:45, 19.5, 26.3, 0.0
2017-03-15 07:14:45, 19.7, 26.1, 0.0
2017-03-15 07:19:45, 19.8, 26.1, 0.0
2017-03-15 07:24:45, 19.6, 26.2, 0.0
2017-03-15 07:29:45, 20.2, 26.1, 0.0
2017-03-15 07:34:45, 19.9, 26.9, 0.0
2017-03-15 07:39:45, 20.0, 27.0, 0.0
2017-03-15 07:44:45, 20.5, 26.6, 0.0
2017-03-15 07:49:45, 20.1, 28.0, 0.0
2017-03-15 07:54:45, 20.4, 27.3, 0.0
2017-03-15 07:59:45, 20.6, 27.6, 0.0
2017-03-15 08:04:45, 20.2, 26.9, 0.0
2017-03-15 08:09:45, 20.7, 26.5, 0.0
2017-03-15 08:14:45, 20.7, 26.9, 0.0
2017-03-15 08:19:45, 20.3, 27.4, 0.0
2017-03-15 08:24:45, 20.5, 27.1, 0.0
2017-03-15 08:29:45, 20.9, 26.9, 0.0
2017-03-15 08:34:45, 20.6, 26.6, 0.0
2017-03-15 08:39:45, 20.5, 26.4, 0.0
2017-03-15 08:44:45, 21.1, 25.9, 0.0
2017-03-15 08:49:45, 20.9, 26.2, 0.0
2017-03-15 08:54:45, 20.6, 27.6, 0.0
2017-03-15 08:59:45, 21.0, 27.2, 0.0
2017-03-15 09:04:45, 21.1, 27.4, 0.0
2017-03-15 09:09:45, 20.9, 28.6, 0.0
2017-03-15 09:14:45, 20.8, 29.7, 0.0
2017-03-15 09:19:45, 20.9, 29.0, 0.0
2017-03-15 09:24:45, 20.7, 28.8, 0.0
2017-03-15 09:29:45, 20.5, 28.7, 0.0
2017-03-15 09:34:45, 20.4, 28.6, 0.0
2017-03-15 09:39:45, 20.3, 28.6, 0.0
2017-03-15 09:44:45, 20.2, 28.3, 0.0
2017-03-15 09:49:45, 20.1, 28.5, 0.0
2017-03-15 09:54:45, 20.0, 28.5, 0.0
2017-03-15 09:59:45, 19.9, 28.5, 0.0
2017-03-15 10:04:45, 19.9, 28.6, 0.0
2017-03-15 10:09:45, 19.8, 28.5, 0.0
2017-03-15 10:14:45, 19.7, 28.5, 0.0
2017-03-15 10:19:45, 19.7, 28.4, 0.0
2017-03-15 10:24:45, 19.6, 28.5, 0.0
2017-03-15 10:29:45, 19.5, 28.4, 0.0
2017-03-15 10:34:45, 19.5, 28.3, 0.0
2017-03-15 10:39:45, 19.4, 28.3, 0.0
2017-03-15 10:44:45, 19.3, 28.2, 0.0
2017-03-15 10:49:45, 19.2, 28.2, 0.0
2017-03-15 10:54:45, 19.2, 28.1, 0.0
2017-03-15 10:59:45, 19.1, 28.1, 0.0
2017-03-15 11:04:45, 19.0, 28.0, 0.0
2017-03-15 11:09:45, 19.0, 28.0, 0.0
2017-03-15 11:14:45, 18.9, 27.9, 0.0
2017-03-15 11:19:45, 18.8, 27.9, 0.0
2017-03-15 11:24:45, 18.8, 27.8, 0.0
2017-03-15 11:29:45, 18.7, 27.7, 0.0
2017-03-15 11:34:45, 18.6, 27.7, 0.0
2017-03-15 11:39:45, 18.6, 27.7, 0.0
2017-03-15 11:44:45, 18.5, 27.7, 0.0
2017-03-15 11:49:45, 18.5, 27.7, 0.0
2017-03-15 11:54:45, 18.4, 27.7, 0.0
2017-03-15 11:59:45, 18.4, 27.5, 0.0
2017-03-15 12:04:45, 18.3, 27.5, 0.0
2017-03-15 12:09:45, 18.3, 27.8, 0.0
2017-03-15 12:14:45, 18.3, 28.1, 0.0
2017-03-15 12:19:45, 18.2, 28.1, 0.0
2017-03-15 12:24:45, 18.2, 28.0, 0.0
2017-03-15 12:29:45, 18.1, 28.1, 0.0
2017-03-15 12:34:45, 18.1, 28.0, 0.0
2017-03-15 12:39:45, 18.1, 28.0, 0.0
2017-03-15 12:44:45, 18.0, 27.9, 0.0
2017-03-15 12:49:45, 18.0, 28.1, 0.0
2017-03-15 12:54:45, 18.0, 28.2, 0.0
2017-03-15 12:59:45, 17.9, 28.9, 0.0
2017-03-15 13:04:45, 17.9, 29.8, 0.0
2017-03-15 13:09:45, 17.9, 29.4, 0.0
2017-03-15 13:14:45, 17.8, 29.3, 0.0
2017-03-15 13:19:45, 17.7, 29.0, 0.0
2017-03-15 13:24:45, 17.7, 29.0, 0.0
2017-03-15 13:29:45, 17.6, 28.8, 0.0
2017-03-15 13:34:45, 17.6, 28.6, 0.0
2017-03-15 13:39:45, 17.6, 28.6, 0.0
2017-03-15 13:44:45, 17.5, 28.5, 0.0
2017-03-15 13:49:45, 17.5, 28.4, 0.0
2017-03-15 13:54:45, 17.4, 28.3, 0.0
2017-03-15 13:59:45, 17.4, 28.3, 0.0
2017-03-15 14:04:45, 17.3, 28.3, 0.0
2017-03-15 14:09:45, 17.3, 28.2, 0.0
2017-03-15 14:14:45, 17.3, 28.3, 0.0
2017-03-15 14:19:45, 17.7, 27.9, 0.0
2017-03-15 14:24:45, 18.4, 27.3, 0.0
2017-03-15 14:29:45, 19.1, 27.1, 0.0
2017-03-15 14:34:45, 19.1, 27.1, 0.0
2017-03-15 14:39:45, 18.8, 27.4, 0.0
2017-03-15 14:44:45, 19.3, 27.0, 0.0
2017-03-15 14:49:45, 19.6, 26.6, 0.0
2017-03-15 14:54:46, 19.3, 26.9, 0.0
2017-03-15 14:59:46, 19.2, 26.9, 0.0
2017-03-15 15:04:47, 19.8, 26.4, 0.0
2017-03-15 15:09:47, 19.7, 26.5, 0.0
2017-03-15 15:14:47, 19.4, 26.8, 0.0
2017-03-15 15:19:47, 19.6, 26.6, 0.0
2017-03-15 15:24:47, 20.4, 25.9, 0.0
2017-03-15 15:29:47, 20.6, 26.3, 0.0
2017-03-15 15:34:47, 20.9, 26.2, 0.0
2017-03-15 15:39:47, 20.6, 26.5, 0.0
2017-03-15 15:44:47, 20.9, 26.1, 0.0
2017-03-15 15:49:47, 21.2, 25.8, 0.0
2017-03-15 15:54:47, 20.9, 26.2, 0.0
2017-03-15 15:59:47, 21.2, 25.7, 0.0
2017-03-15 16:04:47, 21.4, 25.6, 0.0
2017-03-15 16:09:47, 21.0, 26.1, 0.0
2017-03-15 16:14:47, 21.1, 25.8, 0.0
2017-03-15 16:19:47, 21.6, 25.4, 0.0
2017-03-15 16:24:47, 21.3, 25.7, 0.0
2017-03-15 16:29:47, 21.1, 25.9, 0.0
2017-03-15 16:34:47, 21.7, 26.9, 0.0
2017-03-15 16:39:47, 21.7, 27.7, 0.0
2017-03-15 16:44:47, 21.5, 28.3, 0.0
2017-03-15 16:49:47, 21.4, 29.0, 0.0
2017-03-15 16:54:47, 21.3, 29.2, 0.0
2017-03-15 16:59:47, 21.1, 29.1, 0.0
2017-03-15 17:04:47, 21.0, 29.4, 0.0
2017-03-15 17:09:47, 21.6, 29.5, 0.0
